#VRML V2.0 utf8
# 3D model generated by easyeda2kicad.py (https://github.com/uPesy/easyeda2kicad.py)

Shape{
    appearance Appearance {
        material  Material 	{
            diffuseColor 0.7529411764705882 0.7529411764705882 0.7529411764705882
            specularColor 0.3764705882352941 0.3764705882352941 0.3764705882352941
            ambientIntensity 0.2
            transparency 0
            shininess 0.5
        }
    }
    geometry IndexedFaceSet {
        ccw TRUE
        solid FALSE
        coord DEF co Coordinate {
            point [
                0.2362 -0.0714 -0.127, 0.2362 -0.0487 -0.1969, 0.1575 -0.0714 -0.127, 0.1575 -0.0487 -0.1969, 0.2362 -0.347 -0.2165, 0.1575 -0.347 -0.2165, 0.1575 -0.3541 -0.2198, 0.2362 -0.3541 -0.2198, 0.1575 -0.3601 -0.2248, 0.2362 -0.3601 -0.2248, 0.1575 -0.3646 -0.2311, 0.2362 -0.3646 -0.2311, 0.1575 -0.3675 -0.2383, 0.2362 -0.3675 -0.2383, 0.1575 -0.3685 -0.2461, 0.2362 -0.3685 -0.2461, 0.1575 -0.3675 -0.2538, 0.2362 -0.3675 -0.2538, 0.1575 -0.3646 -0.261, 0.2362 -0.3646 -0.261, 0.1575 -0.3601 -0.2673, 0.2362 -0.3601 -0.2673, 0.1575 -0.3541 -0.2723, 0.2362 -0.3541 -0.2723, 0.1575 -0.347 -0.2756, 0.2362 -0.347 -0.2756, 0.2362 0.7845 -0.2756, 0.1575 0.7845 -0.2756, 0.2362 0.7982 -0.2772, 0.1575 0.7982 -0.2772, 0.2362 0.811 -0.2819, 0.1575 0.811 -0.2819, 0.2362 0.8225 -0.2894, 0.1575 0.8225 -0.2894, 0.2362 0.8319 -0.2994, 0.1575 0.8319 -0.2994, 0.2362 0.8388 -0.3113, 0.1575 0.8388 -0.3113, 0.2362 0.8427 -0.3244, 0.1575 0.8427 -0.3244, 0.2362 0.8477 -0.3528, 0.1575 0.8477 -0.3528, 0.1575 0.8516 -0.3659, 0.2362 0.8516 -0.3659, 0.1575 0.8585 -0.3778, 0.2362 0.8585 -0.3778, 0.1575 0.8679 -0.3878, 0.2362 0.8679 -0.3878, 0.1575 0.8793 -0.3953, 0.2362 0.8793 -0.3953, 0.1575 0.8922 -0.4, 0.2362 0.8922 -0.4, 0.1575 0.9059 -0.4016, 0.2362 0.9059 -0.4016, 0.2362 1.1713 -0.4016, 0.1575 1.1713 -0.4016, 0.1575 1.1814 -0.4002, 0.2362 1.1814 -0.4002, 0.1575 1.1909 -0.3963, 0.2362 1.1909 -0.3963, 0.1575 1.1991 -0.39, 0.2362 1.1991 -0.39, 0.1575 1.2054 -0.3819, 0.2362 1.2054 -0.3819, 0.1575 1.2093 -0.3724, 0.2362 1.2093 -0.3724, 0.1575 1.2106 -0.3622, 0.2362 1.2106 -0.3622, 0.2362 1.2106 -0.3425, 0.1575 1.2106 -0.3425, 0.1575 1.2086 -0.3272, 0.2362 1.2086 -0.3272, 0.1575 1.2027 -0.313, 0.2362 1.2027 -0.313, 0.1575 1.1933 -0.3008, 0.2362 1.1933 -0.3008, 0.1575 1.1811 -0.2914, 0.2362 1.1811 -0.2914, 0.1575 1.1669 -0.2855, 0.2362 1.1669 -0.2855, 0.1575 1.1516 -0.2835, 0.2362 1.1516 -0.2835, 0.2362 0.9849 -0.2835, 0.1575 0.9849 -0.2835, 0.2362 0.8957 -0.1772, 0.1575 0.8957 -0.1772, 0.2362 0.8957 0.2953, 0.1575 0.8957 0.2953, 0.2362 -0.128 0.2953, 0.1575 -0.128 0.2953, 0.2362 -0.4429 0.2397, 0.1575 -0.4429 0.2397, 0.1575 -0.4527 0.2366, 0.2362 -0.4527 0.2366, 0.1575 -0.4614 0.2311, 0.2362 -0.4614 0.2311, 0.1575 -0.4683 0.2235, 0.2362 -0.4683 0.2235, 0.1575 -0.4731 0.2144, 0.2362 -0.4731 0.2144, 0.1575 -0.4753 0.2044, 0.2362 -0.4753 0.2044, 0.1575 -0.4748 0.1941, 0.2362 -0.4748 0.1941, 0.1575 -0.4718 0.1843, 0.2362 -0.4718 0.1843, 0.1575 -0.4662 0.1757, 0.2362 -0.4662 0.1757, 0.1575 -0.4587 0.1687, 0.2362 -0.4587 0.1687, 0.1575 -0.4495 0.164, 0.2362 -0.4495 0.164, 0.1575 -0.4395 0.1617, 0.2362 -0.4395 0.1617, 0.1575 -0.4292 0.1622, 0.2362 -0.4292 0.1622, 0.2362 -0.1211 0.2165, 0.1575 -0.1211 0.2165, 0.2362 0.4232 0.2165, 0.1575 0.4232 0.2165, 0.2362 0.4232 -0.1969, 0.1575 0.4232 -0.1969, 0.4331 -0.0714 -0.127, 0.4331 -0.0487 -0.1969, 0.3543 -0.0714 -0.127, 0.3543 -0.0487 -0.1969, 0.4331 -0.347 -0.2165, 0.3543 -0.347 -0.2165, 0.3543 -0.3541 -0.2198, 0.4331 -0.3541 -0.2198, 0.3543 -0.3601 -0.2248, 0.4331 -0.3601 -0.2248, 0.3543 -0.3646 -0.2311, 0.4331 -0.3646 -0.2311, 0.3543 -0.3675 -0.2383, 0.4331 -0.3675 -0.2383, 0.3543 -0.3685 -0.2461, 0.4331 -0.3685 -0.2461, 0.3543 -0.3675 -0.2538, 0.4331 -0.3675 -0.2538, 0.3543 -0.3646 -0.261, 0.4331 -0.3646 -0.261, 0.3543 -0.3601 -0.2673, 0.4331 -0.3601 -0.2673, 0.3543 -0.3541 -0.2723, 0.4331 -0.3541 -0.2723, 0.3543 -0.347 -0.2756, 0.4331 -0.347 -0.2756, 0.4331 0.7845 -0.2756, 0.3543 0.7845 -0.2756, 0.4331 0.7982 -0.2772, 0.3543 0.7982 -0.2772, 0.4331 0.811 -0.2819, 0.3543 0.811 -0.2819, 0.4331 0.8225 -0.2894, 0.3543 0.8225 -0.2894, 0.4331 0.8319 -0.2994, 0.3543 0.8319 -0.2994, 0.4331 0.8388 -0.3113, 0.3543 0.8388 -0.3113, 0.4331 0.8427 -0.3244, 0.3543 0.8427 -0.3244, 0.4331 0.8477 -0.3528, 0.3543 0.8477 -0.3528, 0.3543 0.8516 -0.3659, 0.4331 0.8516 -0.3659, 0.3543 0.8585 -0.3778, 0.4331 0.8585 -0.3778, 0.3543 0.8679 -0.3878, 0.4331 0.8679 -0.3878, 0.3543 0.8793 -0.3953, 0.4331 0.8793 -0.3953, 0.3543 0.8922 -0.4, 0.4331 0.8922 -0.4, 0.3543 0.9059 -0.4016, 0.4331 0.9059 -0.4016, 0.4331 1.1713 -0.4016, 0.3543 1.1713 -0.4016, 0.3543 1.1814 -0.4002, 0.4331 1.1814 -0.4002, 0.3543 1.1909 -0.3963, 0.4331 1.1909 -0.3963, 0.3543 1.1991 -0.39, 0.4331 1.1991 -0.39, 0.3543 1.2054 -0.3819, 0.4331 1.2054 -0.3819, 0.3543 1.2093 -0.3724, 0.4331 1.2093 -0.3724, 0.3543 1.2106 -0.3622, 0.4331 1.2106 -0.3622, 0.4331 1.2106 -0.3425, 0.3543 1.2106 -0.3425, 0.3543 1.2086 -0.3272, 0.4331 1.2086 -0.3272, 0.3543 1.2027 -0.313, 0.4331 1.2027 -0.313, 0.3543 1.1933 -0.3008, 0.4331 1.1933 -0.3008, 0.3543 1.1811 -0.2914, 0.4331 1.1811 -0.2914, 0.3543 1.1669 -0.2855, 0.4331 1.1669 -0.2855, 0.3543 1.1516 -0.2835, 0.4331 1.1516 -0.2835, 0.4331 0.9849 -0.2835, 0.3543 0.9849 -0.2835, 0.4331 0.8957 -0.1772, 0.3543 0.8957 -0.1772, 0.4331 0.8957 0.2953, 0.3543 0.8957 0.2953, 0.4331 -0.128 0.2953, 0.3543 -0.128 0.2953, 0.4331 -0.4429 0.2397, 0.3543 -0.4429 0.2397, 0.3543 -0.4527 0.2366, 0.4331 -0.4527 0.2366, 0.3543 -0.4614 0.2311, 0.4331 -0.4614 0.2311, 0.3543 -0.4683 0.2235, 0.4331 -0.4683 0.2235, 0.3543 -0.4731 0.2144, 0.4331 -0.4731 0.2144, 0.3543 -0.4753 0.2044, 0.4331 -0.4753 0.2044, 0.3543 -0.4748 0.1941, 0.4331 -0.4748 0.1941, 0.3543 -0.4718 0.1843, 0.4331 -0.4718 0.1843, 0.3543 -0.4662 0.1757, 0.4331 -0.4662 0.1757, 0.3543 -0.4587 0.1687, 0.4331 -0.4587 0.1687, 0.3543 -0.4495 0.164, 0.4331 -0.4495 0.164, 0.3543 -0.4395 0.1617, 0.4331 -0.4395 0.1617, 0.3543 -0.4292 0.1622, 0.4331 -0.4292 0.1622, 0.4331 -0.1211 0.2165, 0.3543 -0.1211 0.2165, 0.4331 0.4232 0.2165, 0.3543 0.4232 0.2165, 0.4331 0.4232 -0.1969, 0.3543 0.4232 -0.1969, 0.6299 -0.0714 -0.127, 0.6299 -0.0487 -0.1969, 0.5512 -0.0714 -0.127, 0.5512 -0.0487 -0.1969, 0.6299 -0.347 -0.2165, 0.5512 -0.347 -0.2165, 0.5512 -0.3541 -0.2198, 0.6299 -0.3541 -0.2198, 0.5512 -0.3601 -0.2248, 0.6299 -0.3601 -0.2248, 0.5512 -0.3646 -0.2311, 0.6299 -0.3646 -0.2311, 0.5512 -0.3675 -0.2383, 0.6299 -0.3675 -0.2383, 0.5512 -0.3685 -0.2461, 0.6299 -0.3685 -0.2461, 0.5512 -0.3675 -0.2538, 0.6299 -0.3675 -0.2538, 0.5512 -0.3646 -0.261, 0.6299 -0.3646 -0.261, 0.5512 -0.3601 -0.2673, 0.6299 -0.3601 -0.2673, 0.5512 -0.3541 -0.2723, 0.6299 -0.3541 -0.2723, 0.5512 -0.347 -0.2756, 0.6299 -0.347 -0.2756, 0.6299 0.7845 -0.2756, 0.5512 0.7845 -0.2756, 0.6299 0.7982 -0.2772, 0.5512 0.7982 -0.2772, 0.6299 0.811 -0.2819, 0.5512 0.811 -0.2819, 0.6299 0.8225 -0.2894, 0.5512 0.8225 -0.2894, 0.6299 0.8319 -0.2994, 0.5512 0.8319 -0.2994, 0.6299 0.8388 -0.3113, 0.5512 0.8388 -0.3113, 0.6299 0.8427 -0.3244, 0.5512 0.8427 -0.3244, 0.6299 0.8477 -0.3528, 0.5512 0.8477 -0.3528, 0.5512 0.8516 -0.3659, 0.6299 0.8516 -0.3659, 0.5512 0.8585 -0.3778, 0.6299 0.8585 -0.3778, 0.5512 0.8679 -0.3878, 0.6299 0.8679 -0.3878, 0.5512 0.8793 -0.3953, 0.6299 0.8793 -0.3953, 0.5512 0.8922 -0.4, 0.6299 0.8922 -0.4, 0.5512 0.9059 -0.4016, 0.6299 0.9059 -0.4016, 0.6299 1.1713 -0.4016, 0.5512 1.1713 -0.4016, 0.5512 1.1814 -0.4002, 0.6299 1.1814 -0.4002, 0.5512 1.1909 -0.3963, 0.6299 1.1909 -0.3963, 0.5512 1.1991 -0.39, 0.6299 1.1991 -0.39, 0.5512 1.2054 -0.3819, 0.6299 1.2054 -0.3819, 0.5512 1.2093 -0.3724, 0.6299 1.2093 -0.3724, 0.5512 1.2106 -0.3622, 0.6299 1.2106 -0.3622, 0.6299 1.2106 -0.3425, 0.5512 1.2106 -0.3425, 0.5512 1.2086 -0.3272, 0.6299 1.2086 -0.3272, 0.5512 1.2027 -0.313, 0.6299 1.2027 -0.313, 0.5512 1.1933 -0.3008, 0.6299 1.1933 -0.3008, 0.5512 1.1811 -0.2914, 0.6299 1.1811 -0.2914, 0.5512 1.1669 -0.2855, 0.6299 1.1669 -0.2855, 0.5512 1.1516 -0.2835, 0.6299 1.1516 -0.2835, 0.6299 0.9849 -0.2835, 0.5512 0.9849 -0.2835, 0.6299 0.8957 -0.1772, 0.5512 0.8957 -0.1772, 0.6299 0.8957 0.2953, 0.5512 0.8957 0.2953, 0.6299 -0.128 0.2953, 0.5512 -0.128 0.2953, 0.6299 -0.4429 0.2397, 0.5512 -0.4429 0.2397, 0.5512 -0.4527 0.2366, 0.6299 -0.4527 0.2366, 0.5512 -0.4614 0.2311, 0.6299 -0.4614 0.2311, 0.5512 -0.4683 0.2235, 0.6299 -0.4683 0.2235, 0.5512 -0.4731 0.2144, 0.6299 -0.4731 0.2144, 0.5512 -0.4753 0.2044, 0.6299 -0.4753 0.2044, 0.5512 -0.4748 0.1941, 0.6299 -0.4748 0.1941, 0.5512 -0.4718 0.1843, 0.6299 -0.4718 0.1843, 0.5512 -0.4662 0.1757, 0.6299 -0.4662 0.1757, 0.5512 -0.4587 0.1687, 0.6299 -0.4587 0.1687, 0.5512 -0.4495 0.164, 0.6299 -0.4495 0.164, 0.5512 -0.4395 0.1617, 0.6299 -0.4395 0.1617, 0.5512 -0.4292 0.1622, 0.6299 -0.4292 0.1622, 0.6299 -0.1211 0.2165, 0.5512 -0.1211 0.2165, 0.6299 0.4232 0.2165, 0.5512 0.4232 0.2165, 0.6299 0.4232 -0.1969, 0.5512 0.4232 -0.1969, 0.8268 -0.0714 -0.127, 0.8268 -0.0487 -0.1969, 0.748 -0.0714 -0.127, 0.748 -0.0487 -0.1969, 0.8268 -0.347 -0.2165, 0.748 -0.347 -0.2165, 0.748 -0.3541 -0.2198, 0.8268 -0.3541 -0.2198, 0.748 -0.3601 -0.2248, 0.8268 -0.3601 -0.2248, 0.748 -0.3646 -0.2311, 0.8268 -0.3646 -0.2311, 0.748 -0.3675 -0.2383, 0.8268 -0.3675 -0.2383, 0.748 -0.3685 -0.2461, 0.8268 -0.3685 -0.2461, 0.748 -0.3675 -0.2538, 0.8268 -0.3675 -0.2538, 0.748 -0.3646 -0.261, 0.8268 -0.3646 -0.261, 0.748 -0.3601 -0.2673, 0.8268 -0.3601 -0.2673, 0.748 -0.3541 -0.2723, 0.8268 -0.3541 -0.2723, 0.748 -0.347 -0.2756, 0.8268 -0.347 -0.2756, 0.8268 0.7845 -0.2756, 0.748 0.7845 -0.2756, 0.8268 0.7982 -0.2772, 0.748 0.7982 -0.2772, 0.8268 0.811 -0.2819, 0.748 0.811 -0.2819, 0.8268 0.8225 -0.2894, 0.748 0.8225 -0.2894, 0.8268 0.8319 -0.2994, 0.748 0.8319 -0.2994, 0.8268 0.8388 -0.3113, 0.748 0.8388 -0.3113, 0.8268 0.8427 -0.3244, 0.748 0.8427 -0.3244, 0.8268 0.8477 -0.3528, 0.748 0.8477 -0.3528, 0.748 0.8516 -0.3659, 0.8268 0.8516 -0.3659, 0.748 0.8585 -0.3778, 0.8268 0.8585 -0.3778, 0.748 0.8679 -0.3878, 0.8268 0.8679 -0.3878, 0.748 0.8793 -0.3953, 0.8268 0.8793 -0.3953, 0.748 0.8922 -0.4, 0.8268 0.8922 -0.4, 0.748 0.9059 -0.4016, 0.8268 0.9059 -0.4016, 0.8268 1.1713 -0.4016, 0.748 1.1713 -0.4016, 0.748 1.1814 -0.4002, 0.8268 1.1814 -0.4002, 0.748 1.1909 -0.3963, 0.8268 1.1909 -0.3963, 0.748 1.1991 -0.39, 0.8268 1.1991 -0.39, 0.748 1.2054 -0.3819, 0.8268 1.2054 -0.3819, 0.748 1.2093 -0.3724, 0.8268 1.2093 -0.3724, 0.748 1.2106 -0.3622, 0.8268 1.2106 -0.3622, 0.8268 1.2106 -0.3425, 0.748 1.2106 -0.3425, 0.748 1.2086 -0.3272, 0.8268 1.2086 -0.3272, 0.748 1.2027 -0.313, 0.8268 1.2027 -0.313, 0.748 1.1933 -0.3008, 0.8268 1.1933 -0.3008, 0.748 1.1811 -0.2914, 0.8268 1.1811 -0.2914, 0.748 1.1669 -0.2855, 0.8268 1.1669 -0.2855, 0.748 1.1516 -0.2835, 0.8268 1.1516 -0.2835, 0.8268 0.9849 -0.2835, 0.748 0.9849 -0.2835, 0.8268 0.8957 -0.1772, 0.748 0.8957 -0.1772, 0.8268 0.8957 0.2953, 0.748 0.8957 0.2953, 0.8268 -0.128 0.2953, 0.748 -0.128 0.2953, 0.8268 -0.4429 0.2397, 0.748 -0.4429 0.2397, 0.748 -0.4527 0.2366, 0.8268 -0.4527 0.2366, 0.748 -0.4614 0.2311, 0.8268 -0.4614 0.2311, 0.748 -0.4683 0.2235, 0.8268 -0.4683 0.2235, 0.748 -0.4731 0.2144, 0.8268 -0.4731 0.2144, 0.748 -0.4753 0.2044, 0.8268 -0.4753 0.2044, 0.748 -0.4748 0.1941, 0.8268 -0.4748 0.1941, 0.748 -0.4718 0.1843, 0.8268 -0.4718 0.1843, 0.748 -0.4662 0.1757, 0.8268 -0.4662 0.1757, 0.748 -0.4587 0.1687, 0.8268 -0.4587 0.1687, 0.748 -0.4495 0.164, 0.8268 -0.4495 0.164, 0.748 -0.4395 0.1617, 0.8268 -0.4395 0.1617, 0.748 -0.4292 0.1622, 0.8268 -0.4292 0.1622, 0.8268 -0.1211 0.2165, 0.748 -0.1211 0.2165, 0.8268 0.4232 0.2165, 0.748 0.4232 0.2165, 0.8268 0.4232 -0.1969, 0.748 0.4232 -0.1969, 0.0394 -0.0714 -0.127, 0.0394 -0.0487 -0.1969, -0.0394 -0.0714 -0.127, -0.0394 -0.0487 -0.1969, 0.0394 -0.347 -0.2165, -0.0394 -0.347 -0.2165, -0.0394 -0.3541 -0.2198, 0.0394 -0.3541 -0.2198, -0.0394 -0.3601 -0.2248, 0.0394 -0.3601 -0.2248, -0.0394 -0.3646 -0.2311, 0.0394 -0.3646 -0.2311, -0.0394 -0.3675 -0.2383, 0.0394 -0.3675 -0.2383, -0.0394 -0.3685 -0.2461, 0.0394 -0.3685 -0.2461, -0.0394 -0.3675 -0.2538, 0.0394 -0.3675 -0.2538, -0.0394 -0.3646 -0.261, 0.0394 -0.3646 -0.261, -0.0394 -0.3601 -0.2673, 0.0394 -0.3601 -0.2673, -0.0394 -0.3541 -0.2723, 0.0394 -0.3541 -0.2723, -0.0394 -0.347 -0.2756, 0.0394 -0.347 -0.2756, 0.0394 0.7845 -0.2756, -0.0394 0.7845 -0.2756, 0.0394 0.7982 -0.2772, -0.0394 0.7982 -0.2772, 0.0394 0.811 -0.2819, -0.0394 0.811 -0.2819, 0.0394 0.8225 -0.2894, -0.0394 0.8225 -0.2894, 0.0394 0.8319 -0.2994, -0.0394 0.8319 -0.2994, 0.0394 0.8388 -0.3113, -0.0394 0.8388 -0.3113, 0.0394 0.8427 -0.3244, -0.0394 0.8427 -0.3244, 0.0394 0.8477 -0.3528, -0.0394 0.8477 -0.3528, -0.0394 0.8516 -0.3659, 0.0394 0.8516 -0.3659, -0.0394 0.8585 -0.3778, 0.0394 0.8585 -0.3778, -0.0394 0.8679 -0.3878, 0.0394 0.8679 -0.3878, -0.0394 0.8793 -0.3953, 0.0394 0.8793 -0.3953, -0.0394 0.8922 -0.4, 0.0394 0.8922 -0.4, -0.0394 0.9059 -0.4016, 0.0394 0.9059 -0.4016, 0.0394 1.1713 -0.4016, -0.0394 1.1713 -0.4016, -0.0394 1.1814 -0.4002, 0.0394 1.1814 -0.4002, -0.0394 1.1909 -0.3963, 0.0394 1.1909 -0.3963, -0.0394 1.1991 -0.39, 0.0394 1.1991 -0.39, -0.0394 1.2054 -0.3819, 0.0394 1.2054 -0.3819, -0.0394 1.2093 -0.3724, 0.0394 1.2093 -0.3724, -0.0394 1.2106 -0.3622, 0.0394 1.2106 -0.3622, 0.0394 1.2106 -0.3425, -0.0394 1.2106 -0.3425, -0.0394 1.2086 -0.3272, 0.0394 1.2086 -0.3272, -0.0394 1.2027 -0.313, 0.0394 1.2027 -0.313, -0.0394 1.1933 -0.3008, 0.0394 1.1933 -0.3008, -0.0394 1.1811 -0.2914, 0.0394 1.1811 -0.2914, -0.0394 1.1669 -0.2855, 0.0394 1.1669 -0.2855, -0.0394 1.1516 -0.2835, 0.0394 1.1516 -0.2835, 0.0394 0.9849 -0.2835, -0.0394 0.9849 -0.2835, 0.0394 0.8957 -0.1772, -0.0394 0.8957 -0.1772, 0.0394 0.8957 0.2953, -0.0394 0.8957 0.2953, 0.0394 -0.128 0.2953, -0.0394 -0.128 0.2953, 0.0394 -0.4429 0.2397, -0.0394 -0.4429 0.2397, -0.0394 -0.4527 0.2366, 0.0394 -0.4527 0.2366, -0.0394 -0.4614 0.2311, 0.0394 -0.4614 0.2311, -0.0394 -0.4683 0.2235, 0.0394 -0.4683 0.2235, -0.0394 -0.4731 0.2144, 0.0394 -0.4731 0.2144, -0.0394 -0.4753 0.2044, 0.0394 -0.4753 0.2044, -0.0394 -0.4748 0.1941, 0.0394 -0.4748 0.1941, -0.0394 -0.4718 0.1843, 0.0394 -0.4718 0.1843, -0.0394 -0.4662 0.1757, 0.0394 -0.4662 0.1757, -0.0394 -0.4587 0.1687, 0.0394 -0.4587 0.1687, -0.0394 -0.4495 0.164, 0.0394 -0.4495 0.164, -0.0394 -0.4395 0.1617, 0.0394 -0.4395 0.1617, -0.0394 -0.4292 0.1622, 0.0394 -0.4292 0.1622, 0.0394 -0.1211 0.2165, -0.0394 -0.1211 0.2165, 0.0394 0.4232 0.2165, -0.0394 0.4232 0.2165, 0.0394 0.4232 -0.1969, -0.0394 0.4232 -0.1969, -0.1575 -0.0714 -0.127, -0.1575 -0.0487 -0.1969, -0.2362 -0.0714 -0.127, -0.2362 -0.0487 -0.1969, -0.1575 -0.347 -0.2165, -0.2362 -0.347 -0.2165, -0.2362 -0.3541 -0.2198, -0.1575 -0.3541 -0.2198, -0.2362 -0.3601 -0.2248, -0.1575 -0.3601 -0.2248, -0.2362 -0.3646 -0.2311, -0.1575 -0.3646 -0.2311, -0.2362 -0.3675 -0.2383, -0.1575 -0.3675 -0.2383, -0.2362 -0.3685 -0.2461, -0.1575 -0.3685 -0.2461, -0.2362 -0.3675 -0.2538, -0.1575 -0.3675 -0.2538, -0.2362 -0.3646 -0.261, -0.1575 -0.3646 -0.261, -0.2362 -0.3601 -0.2673, -0.1575 -0.3601 -0.2673, -0.2362 -0.3541 -0.2723, -0.1575 -0.3541 -0.2723, -0.2362 -0.347 -0.2756, -0.1575 -0.347 -0.2756, -0.1575 0.7845 -0.2756, -0.2362 0.7845 -0.2756, -0.1575 0.7982 -0.2772, -0.2362 0.7982 -0.2772, -0.1575 0.811 -0.2819, -0.2362 0.811 -0.2819, -0.1575 0.8225 -0.2894, -0.2362 0.8225 -0.2894, -0.1575 0.8319 -0.2994, -0.2362 0.8319 -0.2994, -0.1575 0.8388 -0.3113, -0.2362 0.8388 -0.3113, -0.1575 0.8427 -0.3244, -0.2362 0.8427 -0.3244, -0.1575 0.8477 -0.3528, -0.2362 0.8477 -0.3528, -0.2362 0.8516 -0.3659, -0.1575 0.8516 -0.3659, -0.2362 0.8585 -0.3778, -0.1575 0.8585 -0.3778, -0.2362 0.8679 -0.3878, -0.1575 0.8679 -0.3878, -0.2362 0.8793 -0.3953, -0.1575 0.8793 -0.3953, -0.2362 0.8922 -0.4, -0.1575 0.8922 -0.4, -0.2362 0.9059 -0.4016, -0.1575 0.9059 -0.4016, -0.1575 1.1713 -0.4016, -0.2362 1.1713 -0.4016, -0.2362 1.1814 -0.4002, -0.1575 1.1814 -0.4002, -0.2362 1.1909 -0.3963, -0.1575 1.1909 -0.3963, -0.2362 1.1991 -0.39, -0.1575 1.1991 -0.39, -0.2362 1.2054 -0.3819, -0.1575 1.2054 -0.3819, -0.2362 1.2093 -0.3724, -0.1575 1.2093 -0.3724, -0.2362 1.2106 -0.3622, -0.1575 1.2106 -0.3622, -0.1575 1.2106 -0.3425, -0.2362 1.2106 -0.3425, -0.2362 1.2086 -0.3272, -0.1575 1.2086 -0.3272, -0.2362 1.2027 -0.313, -0.1575 1.2027 -0.313, -0.2362 1.1933 -0.3008, -0.1575 1.1933 -0.3008, -0.2362 1.1811 -0.2914, -0.1575 1.1811 -0.2914, -0.2362 1.1669 -0.2855, -0.1575 1.1669 -0.2855, -0.2362 1.1516 -0.2835, -0.1575 1.1516 -0.2835, -0.1575 0.9849 -0.2835, -0.2362 0.9849 -0.2835, -0.1575 0.8957 -0.1772, -0.2362 0.8957 -0.1772, -0.1575 0.8957 0.2953, -0.2362 0.8957 0.2953, -0.1575 -0.128 0.2953, -0.2362 -0.128 0.2953, -0.1575 -0.4429 0.2397, -0.2362 -0.4429 0.2397, -0.2362 -0.4527 0.2366, -0.1575 -0.4527 0.2366, -0.2362 -0.4614 0.2311, -0.1575 -0.4614 0.2311, -0.2362 -0.4683 0.2235, -0.1575 -0.4683 0.2235, -0.2362 -0.4731 0.2144, -0.1575 -0.4731 0.2144, -0.2362 -0.4753 0.2044, -0.1575 -0.4753 0.2044, -0.2362 -0.4748 0.1941, -0.1575 -0.4748 0.1941, -0.2362 -0.4718 0.1843, -0.1575 -0.4718 0.1843, -0.2362 -0.4662 0.1757, -0.1575 -0.4662 0.1757, -0.2362 -0.4587 0.1687, -0.1575 -0.4587 0.1687, -0.2362 -0.4495 0.164, -0.1575 -0.4495 0.164, -0.2362 -0.4395 0.1617, -0.1575 -0.4395 0.1617, -0.2362 -0.4292 0.1622, -0.1575 -0.4292 0.1622, -0.1575 -0.1211 0.2165, -0.2362 -0.1211 0.2165, -0.1575 0.4232 0.2165, -0.2362 0.4232 0.2165, -0.1575 0.4232 -0.1969, -0.2362 0.4232 -0.1969, -0.3543 -0.0714 -0.127, -0.3543 -0.0487 -0.1969, -0.4331 -0.0714 -0.127, -0.4331 -0.0487 -0.1969, -0.3543 -0.347 -0.2165, -0.4331 -0.347 -0.2165, -0.4331 -0.3541 -0.2198, -0.3543 -0.3541 -0.2198, -0.4331 -0.3601 -0.2248, -0.3543 -0.3601 -0.2248, -0.4331 -0.3646 -0.2311, -0.3543 -0.3646 -0.2311, -0.4331 -0.3675 -0.2383, -0.3543 -0.3675 -0.2383, -0.4331 -0.3685 -0.2461, -0.3543 -0.3685 -0.2461, -0.4331 -0.3675 -0.2538, -0.3543 -0.3675 -0.2538, -0.4331 -0.3646 -0.261, -0.3543 -0.3646 -0.261, -0.4331 -0.3601 -0.2673, -0.3543 -0.3601 -0.2673, -0.4331 -0.3541 -0.2723, -0.3543 -0.3541 -0.2723, -0.4331 -0.347 -0.2756, -0.3543 -0.347 -0.2756, -0.3543 0.7845 -0.2756, -0.4331 0.7845 -0.2756, -0.3543 0.7982 -0.2772, -0.4331 0.7982 -0.2772, -0.3543 0.811 -0.2819, -0.4331 0.811 -0.2819, -0.3543 0.8225 -0.2894, -0.4331 0.8225 -0.2894, -0.3543 0.8319 -0.2994, -0.4331 0.8319 -0.2994, -0.3543 0.8388 -0.3113, -0.4331 0.8388 -0.3113, -0.3543 0.8427 -0.3244, -0.4331 0.8427 -0.3244, -0.3543 0.8477 -0.3528, -0.4331 0.8477 -0.3528, -0.4331 0.8516 -0.3659, -0.3543 0.8516 -0.3659, -0.4331 0.8585 -0.3778, -0.3543 0.8585 -0.3778, -0.4331 0.8679 -0.3878, -0.3543 0.8679 -0.3878, -0.4331 0.8793 -0.3953, -0.3543 0.8793 -0.3953, -0.4331 0.8922 -0.4, -0.3543 0.8922 -0.4, -0.4331 0.9059 -0.4016, -0.3543 0.9059 -0.4016, -0.3543 1.1713 -0.4016, -0.4331 1.1713 -0.4016, -0.4331 1.1814 -0.4002, -0.3543 1.1814 -0.4002, -0.4331 1.1909 -0.3963, -0.3543 1.1909 -0.3963, -0.4331 1.1991 -0.39, -0.3543 1.1991 -0.39, -0.4331 1.2054 -0.3819, -0.3543 1.2054 -0.3819, -0.4331 1.2093 -0.3724, -0.3543 1.2093 -0.3724, -0.4331 1.2106 -0.3622, -0.3543 1.2106 -0.3622, -0.3543 1.2106 -0.3425, -0.4331 1.2106 -0.3425, -0.4331 1.2086 -0.3272, -0.3543 1.2086 -0.3272, -0.4331 1.2027 -0.313, -0.3543 1.2027 -0.313, -0.4331 1.1933 -0.3008, -0.3543 1.1933 -0.3008, -0.4331 1.1811 -0.2914, -0.3543 1.1811 -0.2914, -0.4331 1.1669 -0.2855, -0.3543 1.1669 -0.2855, -0.4331 1.1516 -0.2835, -0.3543 1.1516 -0.2835, -0.3543 0.9849 -0.2835, -0.4331 0.9849 -0.2835, -0.3543 0.8957 -0.1772, -0.4331 0.8957 -0.1772, -0.3543 0.8957 0.2953, -0.4331 0.8957 0.2953, -0.3543 -0.128 0.2953, -0.4331 -0.128 0.2953, -0.3543 -0.4429 0.2397, -0.4331 -0.4429 0.2397, -0.4331 -0.4527 0.2366, -0.3543 -0.4527 0.2366, -0.4331 -0.4614 0.2311, -0.3543 -0.4614 0.2311, -0.4331 -0.4683 0.2235, -0.3543 -0.4683 0.2235, -0.4331 -0.4731 0.2144, -0.3543 -0.4731 0.2144, -0.4331 -0.4753 0.2044, -0.3543 -0.4753 0.2044, -0.4331 -0.4748 0.1941, -0.3543 -0.4748 0.1941, -0.4331 -0.4718 0.1843, -0.3543 -0.4718 0.1843, -0.4331 -0.4662 0.1757, -0.3543 -0.4662 0.1757, -0.4331 -0.4587 0.1687, -0.3543 -0.4587 0.1687, -0.4331 -0.4495 0.164, -0.3543 -0.4495 0.164, -0.4331 -0.4395 0.1617, -0.3543 -0.4395 0.1617, -0.4331 -0.4292 0.1622, -0.3543 -0.4292 0.1622, -0.3543 -0.1211 0.2165, -0.4331 -0.1211 0.2165, -0.3543 0.4232 0.2165, -0.4331 0.4232 0.2165, -0.3543 0.4232 -0.1969, -0.4331 0.4232 -0.1969, -0.5512 -0.0714 -0.127, -0.5512 -0.0487 -0.1969, -0.6299 -0.0714 -0.127, -0.6299 -0.0487 -0.1969, -0.5512 -0.347 -0.2165, -0.6299 -0.347 -0.2165, -0.6299 -0.3541 -0.2198, -0.5512 -0.3541 -0.2198, -0.6299 -0.3601 -0.2248, -0.5512 -0.3601 -0.2248, -0.6299 -0.3646 -0.2311, -0.5512 -0.3646 -0.2311, -0.6299 -0.3675 -0.2383, -0.5512 -0.3675 -0.2383, -0.6299 -0.3685 -0.2461, -0.5512 -0.3685 -0.2461, -0.6299 -0.3675 -0.2538, -0.5512 -0.3675 -0.2538, -0.6299 -0.3646 -0.261, -0.5512 -0.3646 -0.261, -0.6299 -0.3601 -0.2673, -0.5512 -0.3601 -0.2673, -0.6299 -0.3541 -0.2723, -0.5512 -0.3541 -0.2723, -0.6299 -0.347 -0.2756, -0.5512 -0.347 -0.2756, -0.5512 0.7845 -0.2756, -0.6299 0.7845 -0.2756, -0.5512 0.7982 -0.2772, -0.6299 0.7982 -0.2772, -0.5512 0.811 -0.2819, -0.6299 0.811 -0.2819, -0.5512 0.8225 -0.2894, -0.6299 0.8225 -0.2894, -0.5512 0.8319 -0.2994, -0.6299 0.8319 -0.2994, -0.5512 0.8388 -0.3113, -0.6299 0.8388 -0.3113, -0.5512 0.8427 -0.3244, -0.6299 0.8427 -0.3244, -0.5512 0.8477 -0.3528, -0.6299 0.8477 -0.3528, -0.6299 0.8516 -0.3659, -0.5512 0.8516 -0.3659, -0.6299 0.8585 -0.3778, -0.5512 0.8585 -0.3778, -0.6299 0.8679 -0.3878, -0.5512 0.8679 -0.3878, -0.6299 0.8793 -0.3953, -0.5512 0.8793 -0.3953, -0.6299 0.8922 -0.4, -0.5512 0.8922 -0.4, -0.6299 0.9059 -0.4016, -0.5512 0.9059 -0.4016, -0.5512 1.1713 -0.4016, -0.6299 1.1713 -0.4016, -0.6299 1.1814 -0.4002, -0.5512 1.1814 -0.4002, -0.6299 1.1909 -0.3963, -0.5512 1.1909 -0.3963, -0.6299 1.1991 -0.39, -0.5512 1.1991 -0.39, -0.6299 1.2054 -0.3819, -0.5512 1.2054 -0.3819, -0.6299 1.2093 -0.3724, -0.5512 1.2093 -0.3724, -0.6299 1.2106 -0.3622, -0.5512 1.2106 -0.3622, -0.5512 1.2106 -0.3425, -0.6299 1.2106 -0.3425, -0.6299 1.2086 -0.3272, -0.5512 1.2086 -0.3272, -0.6299 1.2027 -0.313, -0.5512 1.2027 -0.313, -0.6299 1.1933 -0.3008, -0.5512 1.1933 -0.3008, -0.6299 1.1811 -0.2914, -0.5512 1.1811 -0.2914, -0.6299 1.1669 -0.2855, -0.5512 1.1669 -0.2855, -0.6299 1.1516 -0.2835, -0.5512 1.1516 -0.2835, -0.5512 0.9849 -0.2835, -0.6299 0.9849 -0.2835, -0.5512 0.8957 -0.1772, -0.6299 0.8957 -0.1772, -0.5512 0.8957 0.2953, -0.6299 0.8957 0.2953, -0.5512 -0.128 0.2953, -0.6299 -0.128 0.2953, -0.5512 -0.4429 0.2397, -0.6299 -0.4429 0.2397, -0.6299 -0.4527 0.2366, -0.5512 -0.4527 0.2366, -0.6299 -0.4614 0.2311, -0.5512 -0.4614 0.2311, -0.6299 -0.4683 0.2235, -0.5512 -0.4683 0.2235, -0.6299 -0.4731 0.2144, -0.5512 -0.4731 0.2144, -0.6299 -0.4753 0.2044, -0.5512 -0.4753 0.2044, -0.6299 -0.4748 0.1941, -0.5512 -0.4748 0.1941, -0.6299 -0.4718 0.1843, -0.5512 -0.4718 0.1843, -0.6299 -0.4662 0.1757, -0.5512 -0.4662 0.1757, -0.6299 -0.4587 0.1687, -0.5512 -0.4587 0.1687, -0.6299 -0.4495 0.164, -0.5512 -0.4495 0.164, -0.6299 -0.4395 0.1617, -0.5512 -0.4395 0.1617, -0.6299 -0.4292 0.1622, -0.5512 -0.4292 0.1622, -0.5512 -0.1211 0.2165, -0.6299 -0.1211 0.2165, -0.5512 0.4232 0.2165, -0.6299 0.4232 0.2165, -0.5512 0.4232 -0.1969, -0.6299 0.4232 -0.1969, -0.748 -0.0714 -0.127, -0.748 -0.0487 -0.1969, -0.8268 -0.0714 -0.127, -0.8268 -0.0487 -0.1969, -0.748 -0.347 -0.2165, -0.8268 -0.347 -0.2165, -0.8268 -0.3541 -0.2198, -0.748 -0.3541 -0.2198, -0.8268 -0.3601 -0.2248, -0.748 -0.3601 -0.2248, -0.8268 -0.3646 -0.2311, -0.748 -0.3646 -0.2311, -0.8268 -0.3675 -0.2383, -0.748 -0.3675 -0.2383, -0.8268 -0.3685 -0.2461, -0.748 -0.3685 -0.2461, -0.8268 -0.3675 -0.2538, -0.748 -0.3675 -0.2538, -0.8268 -0.3646 -0.261, -0.748 -0.3646 -0.261, -0.8268 -0.3601 -0.2673, -0.748 -0.3601 -0.2673, -0.8268 -0.3541 -0.2723, -0.748 -0.3541 -0.2723, -0.8268 -0.347 -0.2756, -0.748 -0.347 -0.2756, -0.748 0.7845 -0.2756, -0.8268 0.7845 -0.2756, -0.748 0.7982 -0.2772, -0.8268 0.7982 -0.2772, -0.748 0.811 -0.2819, -0.8268 0.811 -0.2819, -0.748 0.8225 -0.2894, -0.8268 0.8225 -0.2894, -0.748 0.8319 -0.2994, -0.8268 0.8319 -0.2994, -0.748 0.8388 -0.3113, -0.8268 0.8388 -0.3113, -0.748 0.8427 -0.3244, -0.8268 0.8427 -0.3244, -0.748 0.8477 -0.3528, -0.8268 0.8477 -0.3528, -0.8268 0.8516 -0.3659, -0.748 0.8516 -0.3659, -0.8268 0.8585 -0.3778, -0.748 0.8585 -0.3778, -0.8268 0.8679 -0.3878, -0.748 0.8679 -0.3878, -0.8268 0.8793 -0.3953, -0.748 0.8793 -0.3953, -0.8268 0.8922 -0.4, -0.748 0.8922 -0.4, -0.8268 0.9059 -0.4016, -0.748 0.9059 -0.4016, -0.748 1.1713 -0.4016, -0.8268 1.1713 -0.4016, -0.8268 1.1814 -0.4002, -0.748 1.1814 -0.4002, -0.8268 1.1909 -0.3963, -0.748 1.1909 -0.3963, -0.8268 1.1991 -0.39, -0.748 1.1991 -0.39, -0.8268 1.2054 -0.3819, -0.748 1.2054 -0.3819, -0.8268 1.2093 -0.3724, -0.748 1.2093 -0.3724, -0.8268 1.2106 -0.3622, -0.748 1.2106 -0.3622, -0.748 1.2106 -0.3425, -0.8268 1.2106 -0.3425, -0.8268 1.2086 -0.3272, -0.748 1.2086 -0.3272, -0.8268 1.2027 -0.313, -0.748 1.2027 -0.313, -0.8268 1.1933 -0.3008, -0.748 1.1933 -0.3008, -0.8268 1.1811 -0.2914, -0.748 1.1811 -0.2914, -0.8268 1.1669 -0.2855, -0.748 1.1669 -0.2855, -0.8268 1.1516 -0.2835, -0.748 1.1516 -0.2835, -0.748 0.9849 -0.2835, -0.8268 0.9849 -0.2835, -0.748 0.8957 -0.1772, -0.8268 0.8957 -0.1772, -0.748 0.8957 0.2953, -0.8268 0.8957 0.2953, -0.748 -0.128 0.2953, -0.8268 -0.128 0.2953, -0.748 -0.4429 0.2397, -0.8268 -0.4429 0.2397, -0.8268 -0.4527 0.2366, -0.748 -0.4527 0.2366, -0.8268 -0.4614 0.2311, -0.748 -0.4614 0.2311, -0.8268 -0.4683 0.2235, -0.748 -0.4683 0.2235, -0.8268 -0.4731 0.2144, -0.748 -0.4731 0.2144, -0.8268 -0.4753 0.2044, -0.748 -0.4753 0.2044, -0.8268 -0.4748 0.1941, -0.748 -0.4748 0.1941, -0.8268 -0.4718 0.1843, -0.748 -0.4718 0.1843, -0.8268 -0.4662 0.1757, -0.748 -0.4662 0.1757, -0.8268 -0.4587 0.1687, -0.748 -0.4587 0.1687, -0.8268 -0.4495 0.164, -0.748 -0.4495 0.164, -0.8268 -0.4395 0.1617, -0.748 -0.4395 0.1617, -0.8268 -0.4292 0.1622, -0.748 -0.4292 0.1622, -0.748 -0.1211 0.2165, -0.8268 -0.1211 0.2165, -0.748 0.4232 0.2165, -0.8268 0.4232 0.2165, -0.748 0.4232 -0.1969, -0.8268 0.4232 -0.1969, 1.9094 -0.3248 -0.4016, 1.9094 -0.3248 -0.3228, 1.3976 -0.3248 -0.4016, 1.3976 -0.3248 -0.3228, 1.3714 -0.3248 -0.3986, 1.3874 -0.3248 -0.3215, 1.3464 -0.3248 -0.3899, 1.378 -0.3248 -0.3176, 1.324 -0.3248 -0.3758, 1.3698 -0.3248 -0.3113, 1.3583 -0.3248 -0.1969, 1.2795 -0.3248 -0.1969, 1.3583 -0.3248 -0.2835, 1.2795 -0.3248 -0.2835, 1.3596 -0.3248 -0.2937, 1.2825 -0.3248 -0.3097, 1.3635 -0.3248 -0.3031, 1.2912 -0.3248 -0.3347, 1.3053 -0.3248 -0.3571, 1.378 0.4626 -0.3176, 1.324 0.4626 -0.3758, 1.3698 0.4626 -0.3113, 1.3053 0.4626 -0.3571, 1.3635 0.4626 -0.3031, 1.2912 0.4626 -0.3347, 1.3596 0.4626 -0.2937, 1.2825 0.4626 -0.3097, 1.3583 0.4626 -0.2835, 1.2795 0.4626 -0.2835, 1.7913 0.4626 -0.3228, 1.7913 0.4626 -0.4016, 1.3976 0.4626 -0.3228, 1.3976 0.4626 -0.4016, 1.3874 0.4626 -0.3215, 1.3714 0.4626 -0.3986, 1.3464 0.4626 -0.3899, 1.9488 -0.2854 -0.4016, 1.9488 -0.2393 -0.4016, 1.9488 -0.2854 -0.3228, 1.9488 -0.2393 -0.3228, 1.832 0.0981 -0.4016, 1.836 0.0886 -0.4016, 1.8422 0.0804 -0.4016, 1.8307 0.1083 -0.4016, 1.8701 -0.128 -0.4016, 1.8725 -0.1471 -0.4016, 1.9053 -0.0624 -0.4016, 1.8599 0.0702 -0.4016, 1.8701 0.0689 -0.4016, 1.8015 0.4613 -0.4016, 1.8294 0.4334 -0.4016, 1.8307 0.4232 -0.4016, 1.8725 -0.1088 -0.4016, 1.8504 0.0742 -0.4016, 1.8906 -0.0749 -0.4016, 1.8794 -0.0907 -0.4016, 1.8794 -0.1652 -0.4016, 1.8906 -0.181 -0.4016, 1.811 0.4573 -0.4016, 1.8192 0.4511 -0.4016, 1.8254 0.4429 -0.4016, 1.9312 -0.2065 -0.4016, 1.9386 -0.2128 -0.4016, 1.9441 -0.2207 -0.4016, 1.9053 -0.1936 -0.4016, 1.9226 -0.2022 -0.4016, 1.9488 -0.0166 -0.4016, 1.9094 0.0689 -0.4016, 1.9476 -0.2297 -0.4016, 1.9476 -0.0262 -0.4016, 1.9441 -0.0352 -0.4016, 1.9386 -0.0431 -0.4016, 1.9312 -0.0494 -0.4016, 1.9226 -0.0537 -0.4016, 1.9291 -0.3195 -0.4016, 1.9475 -0.2956 -0.4016, 1.9373 -0.3133 -0.4016, 1.9435 -0.3051 -0.4016, 1.9196 -0.3235 -0.4016, 1.9196 0.0676 -0.4016, 1.9475 0.0397 -0.4016, 1.9488 0.0295 -0.4016, 1.9291 0.0636 -0.4016, 1.9373 0.0574 -0.4016, 1.9435 0.0492 -0.4016, 1.2795 -0.0098 -0.1969, 1.2795 0.6988 0.0, 1.2795 0.6988 -0.2835, 1.2795 -0.0098 0.0, 1.3583 -0.0098 0.0, 1.3583 0.6988 0.0, 1.3583 0.6988 -0.2835, 1.3583 -0.0098 -0.1969, 1.8422 0.0804 -0.3228, 1.836 0.0886 -0.3228, 1.8015 0.4613 -0.3228, 1.8294 0.4334 -0.3228, 1.9226 -0.2022 -0.3228, 1.9053 -0.1936 -0.3228, 1.8794 -0.1652 -0.3228, 1.8725 -0.1471 -0.3228, 1.8701 -0.128 -0.3228, 1.832 0.0981 -0.3228, 1.8307 0.1083 -0.3228, 1.8307 0.4232 -0.3228, 1.8504 0.0742 -0.3228, 1.8599 0.0702 -0.3228, 1.8725 -0.1088 -0.3228, 1.8794 -0.0907 -0.3228, 1.8906 -0.181 -0.3228, 1.9386 -0.0431 -0.3228, 1.9441 -0.0352 -0.3228, 1.8701 0.0689 -0.3228, 1.8254 0.4429 -0.3228, 1.8192 0.4511 -0.3228, 1.811 0.4573 -0.3228, 1.9312 -0.0494 -0.3228, 1.9476 -0.0262 -0.3228, 1.9488 -0.0166 -0.3228, 1.9094 0.0689 -0.3228, 1.9386 -0.2128 -0.3228, 1.9312 -0.2065 -0.3228, 1.9441 -0.2207 -0.3228, 1.9476 -0.2297 -0.3228, 1.8906 -0.0749 -0.3228, 1.9053 -0.0624 -0.3228, 1.9226 -0.0537 -0.3228, 1.9196 -0.3235 -0.3228, 1.9475 -0.2956 -0.3228, 1.9291 -0.3195 -0.3228, 1.9373 -0.3133 -0.3228, 1.9435 -0.3051 -0.3228, 1.9291 0.0636 -0.3228, 1.9475 0.0397 -0.3228, 1.9373 0.0574 -0.3228, 1.9435 0.0492 -0.3228, 1.9488 0.0295 -0.3228, 1.9196 0.0676 -0.3228, 1.9196 0.0676 -0.3228
            ]
        }
        coordIndex [
            0,1,2,-1,2,1,3,-1,4,0,5,-1,5,0,2,-1,4,5,6,-1,4,6,7,-1,7,6,8,-1,7,8,9,-1,9,8,10,-1,9,10,11,-1,11,10,12,-1,11,12,13,-1,13,12,14,-1,13,14,15,-1,15,14,16,-1,15,16,17,-1,17,16,18,-1,17,18,19,-1,19,18,20,-1,19,20,21,-1,21,20,22,-1,21,22,23,-1,23,22,24,-1,23,24,25,-1,26,25,27,-1,27,25,24,-1,26,27,28,-1,28,27,29,-1,28,29,30,-1,30,29,31,-1,30,31,32,-1,32,31,33,-1,32,33,34,-1,34,33,35,-1,34,35,36,-1,36,35,37,-1,36,37,38,-1,38,37,39,-1,40,38,41,-1,41,38,39,-1,40,41,42,-1,40,42,43,-1,43,42,44,-1,43,44,45,-1,45,44,46,-1,45,46,47,-1,47,46,48,-1,47,48,49,-1,49,48,50,-1,49,50,51,-1,51,50,52,-1,51,52,53,-1,54,53,55,-1,55,53,52,-1,54,55,56,-1,54,56,57,-1,57,56,58,-1,57,58,59,-1,59,58,60,-1,59,60,61,-1,61,60,62,-1,61,62,63,-1,63,62,64,-1,63,64,65,-1,65,64,66,-1,65,66,67,-1,68,67,69,-1,69,67,66,-1,68,69,70,-1,68,70,71,-1,71,70,72,-1,71,72,73,-1,73,72,74,-1,73,74,75,-1,75,74,76,-1,75,76,77,-1,77,76,78,-1,77,78,79,-1,79,78,80,-1,79,80,81,-1,82,81,83,-1,83,81,80,-1,84,82,85,-1,85,82,83,-1,86,84,87,-1,87,84,85,-1,88,86,89,-1,89,86,87,-1,90,88,91,-1,91,88,89,-1,90,91,92,-1,90,92,93,-1,93,92,94,-1,93,94,95,-1,95,94,96,-1,95,96,97,-1,97,96,98,-1,97,98,99,-1,99,98,100,-1,99,100,101,-1,101,100,102,-1,101,102,103,-1,103,102,104,-1,103,104,105,-1,105,104,106,-1,105,106,107,-1,107,106,108,-1,107,108,109,-1,109,108,110,-1,109,110,111,-1,111,110,112,-1,111,112,113,-1,113,112,114,-1,113,114,115,-1,116,115,117,-1,117,115,114,-1,118,116,119,-1,119,116,117,-1,120,118,121,-1,121,118,119,-1,1,120,3,-1,3,120,121,-1,88,116,118,-1,67,68,54,-1,120,84,118,-1,118,84,86,-1,118,86,88,-1,93,95,115,-1,95,97,115,-1,115,97,99,-1,115,99,101,-1,54,81,53,-1,53,81,82,-1,53,82,51,-1,1,0,25,-1,25,0,4,-1,25,4,7,-1,116,88,115,-1,115,88,90,-1,115,90,93,-1,101,103,115,-1,115,103,105,-1,115,105,107,-1,107,109,115,-1,115,109,111,-1,115,111,113,-1,68,71,54,-1,54,71,73,-1,54,73,75,-1,1,25,120,-1,120,25,26,-1,120,26,84,-1,84,26,28,-1,84,28,30,-1,7,9,25,-1,25,9,11,-1,25,11,23,-1,75,77,54,-1,54,77,79,-1,54,79,81,-1,30,32,84,-1,84,32,34,-1,84,34,82,-1,82,34,36,-1,82,36,38,-1,15,17,13,-1,13,17,19,-1,13,19,11,-1,11,19,21,-1,11,21,23,-1,61,54,59,-1,59,54,57,-1,61,63,54,-1,54,63,65,-1,54,65,67,-1,38,40,82,-1,82,40,43,-1,82,43,45,-1,45,47,82,-1,82,47,49,-1,82,49,51,-1,24,3,27,-1,27,3,121,-1,27,121,29,-1,2,3,5,-1,5,3,24,-1,5,24,6,-1,6,24,8,-1,110,108,100,-1,8,24,10,-1,10,24,22,-1,10,22,20,-1,20,18,10,-1,10,18,16,-1,10,16,12,-1,12,16,14,-1,85,83,37,-1,37,35,85,-1,85,35,33,-1,85,33,31,-1,98,96,114,-1,114,96,94,-1,42,41,83,-1,83,41,39,-1,83,39,37,-1,70,80,72,-1,72,80,78,-1,72,78,74,-1,74,78,76,-1,98,114,100,-1,100,114,112,-1,100,112,110,-1,108,106,100,-1,100,106,104,-1,100,104,102,-1,31,29,85,-1,85,29,121,-1,85,121,87,-1,87,121,119,-1,87,119,89,-1,89,119,117,-1,89,117,91,-1,91,117,114,-1,91,114,92,-1,92,114,94,-1,50,48,83,-1,69,66,55,-1,55,66,64,-1,55,64,62,-1,62,60,55,-1,55,60,58,-1,55,58,56,-1,70,69,80,-1,80,69,55,-1,80,55,83,-1,83,55,52,-1,83,52,50,-1,48,46,83,-1,83,46,44,-1,83,44,42,-1,122,123,124,-1,124,123,125,-1,126,122,127,-1,127,122,124,-1,126,127,128,-1,126,128,129,-1,129,128,130,-1,129,130,131,-1,131,130,132,-1,131,132,133,-1,133,132,134,-1,133,134,135,-1,135,134,136,-1,135,136,137,-1,137,136,138,-1,137,138,139,-1,139,138,140,-1,139,140,141,-1,141,140,142,-1,141,142,143,-1,143,142,144,-1,143,144,145,-1,145,144,146,-1,145,146,147,-1,148,147,149,-1,149,147,146,-1,148,149,150,-1,150,149,151,-1,150,151,152,-1,152,151,153,-1,152,153,154,-1,154,153,155,-1,154,155,156,-1,156,155,157,-1,156,157,158,-1,158,157,159,-1,158,159,160,-1,160,159,161,-1,162,160,163,-1,163,160,161,-1,162,163,164,-1,162,164,165,-1,165,164,166,-1,165,166,167,-1,167,166,168,-1,167,168,169,-1,169,168,170,-1,169,170,171,-1,171,170,172,-1,171,172,173,-1,173,172,174,-1,173,174,175,-1,176,175,177,-1,177,175,174,-1,176,177,178,-1,176,178,179,-1,179,178,180,-1,179,180,181,-1,181,180,182,-1,181,182,183,-1,183,182,184,-1,183,184,185,-1,185,184,186,-1,185,186,187,-1,187,186,188,-1,187,188,189,-1,190,189,191,-1,191,189,188,-1,190,191,192,-1,190,192,193,-1,193,192,194,-1,193,194,195,-1,195,194,196,-1,195,196,197,-1,197,196,198,-1,197,198,199,-1,199,198,200,-1,199,200,201,-1,201,200,202,-1,201,202,203,-1,204,203,205,-1,205,203,202,-1,206,204,207,-1,207,204,205,-1,208,206,209,-1,209,206,207,-1,210,208,211,-1,211,208,209,-1,212,210,213,-1,213,210,211,-1,212,213,214,-1,212,214,215,-1,215,214,216,-1,215,216,217,-1,217,216,218,-1,217,218,219,-1,219,218,220,-1,219,220,221,-1,221,220,222,-1,221,222,223,-1,223,222,224,-1,223,224,225,-1,225,224,226,-1,225,226,227,-1,227,226,228,-1,227,228,229,-1,229,228,230,-1,229,230,231,-1,231,230,232,-1,231,232,233,-1,233,232,234,-1,233,234,235,-1,235,234,236,-1,235,236,237,-1,238,237,239,-1,239,237,236,-1,240,238,241,-1,241,238,239,-1,242,240,243,-1,243,240,241,-1,123,242,125,-1,125,242,243,-1,210,238,240,-1,189,190,176,-1,242,206,240,-1,240,206,208,-1,240,208,210,-1,215,217,237,-1,217,219,237,-1,237,219,221,-1,237,221,223,-1,176,203,175,-1,175,203,204,-1,175,204,173,-1,123,122,147,-1,147,122,126,-1,147,126,129,-1,238,210,237,-1,237,210,212,-1,237,212,215,-1,223,225,237,-1,237,225,227,-1,237,227,229,-1,229,231,237,-1,237,231,233,-1,237,233,235,-1,190,193,176,-1,176,193,195,-1,176,195,197,-1,123,147,242,-1,242,147,148,-1,242,148,206,-1,206,148,150,-1,206,150,152,-1,129,131,147,-1,147,131,133,-1,147,133,145,-1,197,199,176,-1,176,199,201,-1,176,201,203,-1,152,154,206,-1,206,154,156,-1,206,156,204,-1,204,156,158,-1,204,158,160,-1,137,139,135,-1,135,139,141,-1,135,141,133,-1,133,141,143,-1,133,143,145,-1,183,176,181,-1,181,176,179,-1,183,185,176,-1,176,185,187,-1,176,187,189,-1,160,162,204,-1,204,162,165,-1,204,165,167,-1,167,169,204,-1,204,169,171,-1,204,171,173,-1,146,125,149,-1,149,125,243,-1,149,243,151,-1,124,125,127,-1,127,125,146,-1,127,146,128,-1,128,146,130,-1,232,230,222,-1,130,146,132,-1,132,146,144,-1,132,144,142,-1,142,140,132,-1,132,140,138,-1,132,138,134,-1,134,138,136,-1,207,205,159,-1,159,157,207,-1,207,157,155,-1,207,155,153,-1,220,218,236,-1,236,218,216,-1,164,163,205,-1,205,163,161,-1,205,161,159,-1,192,202,194,-1,194,202,200,-1,194,200,196,-1,196,200,198,-1,220,236,222,-1,222,236,234,-1,222,234,232,-1,230,228,222,-1,222,228,226,-1,222,226,224,-1,153,151,207,-1,207,151,243,-1,207,243,209,-1,209,243,241,-1,209,241,211,-1,211,241,239,-1,211,239,213,-1,213,239,236,-1,213,236,214,-1,214,236,216,-1,172,170,205,-1,191,188,177,-1,177,188,186,-1,177,186,184,-1,184,182,177,-1,177,182,180,-1,177,180,178,-1,192,191,202,-1,202,191,177,-1,202,177,205,-1,205,177,174,-1,205,174,172,-1,170,168,205,-1,205,168,166,-1,205,166,164,-1,244,245,246,-1,246,245,247,-1,248,244,249,-1,249,244,246,-1,248,249,250,-1,248,250,251,-1,251,250,252,-1,251,252,253,-1,253,252,254,-1,253,254,255,-1,255,254,256,-1,255,256,257,-1,257,256,258,-1,257,258,259,-1,259,258,260,-1,259,260,261,-1,261,260,262,-1,261,262,263,-1,263,262,264,-1,263,264,265,-1,265,264,266,-1,265,266,267,-1,267,266,268,-1,267,268,269,-1,270,269,271,-1,271,269,268,-1,270,271,272,-1,272,271,273,-1,272,273,274,-1,274,273,275,-1,274,275,276,-1,276,275,277,-1,276,277,278,-1,278,277,279,-1,278,279,280,-1,280,279,281,-1,280,281,282,-1,282,281,283,-1,284,282,285,-1,285,282,283,-1,284,285,286,-1,284,286,287,-1,287,286,288,-1,287,288,289,-1,289,288,290,-1,289,290,291,-1,291,290,292,-1,291,292,293,-1,293,292,294,-1,293,294,295,-1,295,294,296,-1,295,296,297,-1,298,297,299,-1,299,297,296,-1,298,299,300,-1,298,300,301,-1,301,300,302,-1,301,302,303,-1,303,302,304,-1,303,304,305,-1,305,304,306,-1,305,306,307,-1,307,306,308,-1,307,308,309,-1,309,308,310,-1,309,310,311,-1,312,311,313,-1,313,311,310,-1,312,313,314,-1,312,314,315,-1,315,314,316,-1,315,316,317,-1,317,316,318,-1,317,318,319,-1,319,318,320,-1,319,320,321,-1,321,320,322,-1,321,322,323,-1,323,322,324,-1,323,324,325,-1,326,325,327,-1,327,325,324,-1,328,326,329,-1,329,326,327,-1,330,328,331,-1,331,328,329,-1,332,330,333,-1,333,330,331,-1,334,332,335,-1,335,332,333,-1,334,335,336,-1,334,336,337,-1,337,336,338,-1,337,338,339,-1,339,338,340,-1,339,340,341,-1,341,340,342,-1,341,342,343,-1,343,342,344,-1,343,344,345,-1,345,344,346,-1,345,346,347,-1,347,346,348,-1,347,348,349,-1,349,348,350,-1,349,350,351,-1,351,350,352,-1,351,352,353,-1,353,352,354,-1,353,354,355,-1,355,354,356,-1,355,356,357,-1,357,356,358,-1,357,358,359,-1,360,359,361,-1,361,359,358,-1,362,360,363,-1,363,360,361,-1,364,362,365,-1,365,362,363,-1,245,364,247,-1,247,364,365,-1,332,360,362,-1,311,312,298,-1,364,328,362,-1,362,328,330,-1,362,330,332,-1,337,339,359,-1,339,341,359,-1,359,341,343,-1,359,343,345,-1,298,325,297,-1,297,325,326,-1,297,326,295,-1,245,244,269,-1,269,244,248,-1,269,248,251,-1,360,332,359,-1,359,332,334,-1,359,334,337,-1,345,347,359,-1,359,347,349,-1,359,349,351,-1,351,353,359,-1,359,353,355,-1,359,355,357,-1,312,315,298,-1,298,315,317,-1,298,317,319,-1,245,269,364,-1,364,269,270,-1,364,270,328,-1,328,270,272,-1,328,272,274,-1,251,253,269,-1,269,253,255,-1,269,255,267,-1,319,321,298,-1,298,321,323,-1,298,323,325,-1,274,276,328,-1,328,276,278,-1,328,278,326,-1,326,278,280,-1,326,280,282,-1,259,261,257,-1,257,261,263,-1,257,263,255,-1,255,263,265,-1,255,265,267,-1,305,298,303,-1,303,298,301,-1,305,307,298,-1,298,307,309,-1,298,309,311,-1,282,284,326,-1,326,284,287,-1,326,287,289,-1,289,291,326,-1,326,291,293,-1,326,293,295,-1,268,247,271,-1,271,247,365,-1,271,365,273,-1,246,247,249,-1,249,247,268,-1,249,268,250,-1,250,268,252,-1,354,352,344,-1,252,268,254,-1,254,268,266,-1,254,266,264,-1,264,262,254,-1,254,262,260,-1,254,260,256,-1,256,260,258,-1,329,327,281,-1,281,279,329,-1,329,279,277,-1,329,277,275,-1,342,340,358,-1,358,340,338,-1,286,285,327,-1,327,285,283,-1,327,283,281,-1,314,324,316,-1,316,324,322,-1,316,322,318,-1,318,322,320,-1,342,358,344,-1,344,358,356,-1,344,356,354,-1,352,350,344,-1,344,350,348,-1,344,348,346,-1,275,273,329,-1,329,273,365,-1,329,365,331,-1,331,365,363,-1,331,363,333,-1,333,363,361,-1,333,361,335,-1,335,361,358,-1,335,358,336,-1,336,358,338,-1,294,292,327,-1,313,310,299,-1,299,310,308,-1,299,308,306,-1,306,304,299,-1,299,304,302,-1,299,302,300,-1,314,313,324,-1,324,313,299,-1,324,299,327,-1,327,299,296,-1,327,296,294,-1,292,290,327,-1,327,290,288,-1,327,288,286,-1,366,367,368,-1,368,367,369,-1,370,366,371,-1,371,366,368,-1,370,371,372,-1,370,372,373,-1,373,372,374,-1,373,374,375,-1,375,374,376,-1,375,376,377,-1,377,376,378,-1,377,378,379,-1,379,378,380,-1,379,380,381,-1,381,380,382,-1,381,382,383,-1,383,382,384,-1,383,384,385,-1,385,384,386,-1,385,386,387,-1,387,386,388,-1,387,388,389,-1,389,388,390,-1,389,390,391,-1,392,391,393,-1,393,391,390,-1,392,393,394,-1,394,393,395,-1,394,395,396,-1,396,395,397,-1,396,397,398,-1,398,397,399,-1,398,399,400,-1,400,399,401,-1,400,401,402,-1,402,401,403,-1,402,403,404,-1,404,403,405,-1,406,404,407,-1,407,404,405,-1,406,407,408,-1,406,408,409,-1,409,408,410,-1,409,410,411,-1,411,410,412,-1,411,412,413,-1,413,412,414,-1,413,414,415,-1,415,414,416,-1,415,416,417,-1,417,416,418,-1,417,418,419,-1,420,419,421,-1,421,419,418,-1,420,421,422,-1,420,422,423,-1,423,422,424,-1,423,424,425,-1,425,424,426,-1,425,426,427,-1,427,426,428,-1,427,428,429,-1,429,428,430,-1,429,430,431,-1,431,430,432,-1,431,432,433,-1,434,433,435,-1,435,433,432,-1,434,435,436,-1,434,436,437,-1,437,436,438,-1,437,438,439,-1,439,438,440,-1,439,440,441,-1,441,440,442,-1,441,442,443,-1,443,442,444,-1,443,444,445,-1,445,444,446,-1,445,446,447,-1,448,447,449,-1,449,447,446,-1,450,448,451,-1,451,448,449,-1,452,450,453,-1,453,450,451,-1,454,452,455,-1,455,452,453,-1,456,454,457,-1,457,454,455,-1,456,457,458,-1,456,458,459,-1,459,458,460,-1,459,460,461,-1,461,460,462,-1,461,462,463,-1,463,462,464,-1,463,464,465,-1,465,464,466,-1,465,466,467,-1,467,466,468,-1,467,468,469,-1,469,468,470,-1,469,470,471,-1,471,470,472,-1,471,472,473,-1,473,472,474,-1,473,474,475,-1,475,474,476,-1,475,476,477,-1,477,476,478,-1,477,478,479,-1,479,478,480,-1,479,480,481,-1,482,481,483,-1,483,481,480,-1,484,482,485,-1,485,482,483,-1,486,484,487,-1,487,484,485,-1,367,486,369,-1,369,486,487,-1,454,482,484,-1,433,434,420,-1,486,450,484,-1,484,450,452,-1,484,452,454,-1,459,461,481,-1,461,463,481,-1,481,463,465,-1,481,465,467,-1,420,447,419,-1,419,447,448,-1,419,448,417,-1,367,366,391,-1,391,366,370,-1,391,370,373,-1,482,454,481,-1,481,454,456,-1,481,456,459,-1,467,469,481,-1,481,469,471,-1,481,471,473,-1,473,475,481,-1,481,475,477,-1,481,477,479,-1,434,437,420,-1,420,437,439,-1,420,439,441,-1,367,391,486,-1,486,391,392,-1,486,392,450,-1,450,392,394,-1,450,394,396,-1,373,375,391,-1,391,375,377,-1,391,377,389,-1,441,443,420,-1,420,443,445,-1,420,445,447,-1,396,398,450,-1,450,398,400,-1,450,400,448,-1,448,400,402,-1,448,402,404,-1,381,383,379,-1,379,383,385,-1,379,385,377,-1,377,385,387,-1,377,387,389,-1,427,420,425,-1,425,420,423,-1,427,429,420,-1,420,429,431,-1,420,431,433,-1,404,406,448,-1,448,406,409,-1,448,409,411,-1,411,413,448,-1,448,413,415,-1,448,415,417,-1,390,369,393,-1,393,369,487,-1,393,487,395,-1,368,369,371,-1,371,369,390,-1,371,390,372,-1,372,390,374,-1,476,474,466,-1,374,390,376,-1,376,390,388,-1,376,388,386,-1,386,384,376,-1,376,384,382,-1,376,382,378,-1,378,382,380,-1,451,449,403,-1,403,401,451,-1,451,401,399,-1,451,399,397,-1,464,462,480,-1,480,462,460,-1,408,407,449,-1,449,407,405,-1,449,405,403,-1,436,446,438,-1,438,446,444,-1,438,444,440,-1,440,444,442,-1,464,480,466,-1,466,480,478,-1,466,478,476,-1,474,472,466,-1,466,472,470,-1,466,470,468,-1,397,395,451,-1,451,395,487,-1,451,487,453,-1,453,487,485,-1,453,485,455,-1,455,485,483,-1,455,483,457,-1,457,483,480,-1,457,480,458,-1,458,480,460,-1,416,414,449,-1,435,432,421,-1,421,432,430,-1,421,430,428,-1,428,426,421,-1,421,426,424,-1,421,424,422,-1,436,435,446,-1,446,435,421,-1,446,421,449,-1,449,421,418,-1,449,418,416,-1,414,412,449,-1,449,412,410,-1,449,410,408,-1,488,489,490,-1,490,489,491,-1,492,488,493,-1,493,488,490,-1,492,493,494,-1,492,494,495,-1,495,494,496,-1,495,496,497,-1,497,496,498,-1,497,498,499,-1,499,498,500,-1,499,500,501,-1,501,500,502,-1,501,502,503,-1,503,502,504,-1,503,504,505,-1,505,504,506,-1,505,506,507,-1,507,506,508,-1,507,508,509,-1,509,508,510,-1,509,510,511,-1,511,510,512,-1,511,512,513,-1,514,513,515,-1,515,513,512,-1,514,515,516,-1,516,515,517,-1,516,517,518,-1,518,517,519,-1,518,519,520,-1,520,519,521,-1,520,521,522,-1,522,521,523,-1,522,523,524,-1,524,523,525,-1,524,525,526,-1,526,525,527,-1,528,526,529,-1,529,526,527,-1,528,529,530,-1,528,530,531,-1,531,530,532,-1,531,532,533,-1,533,532,534,-1,533,534,535,-1,535,534,536,-1,535,536,537,-1,537,536,538,-1,537,538,539,-1,539,538,540,-1,539,540,541,-1,542,541,543,-1,543,541,540,-1,542,543,544,-1,542,544,545,-1,545,544,546,-1,545,546,547,-1,547,546,548,-1,547,548,549,-1,549,548,550,-1,549,550,551,-1,551,550,552,-1,551,552,553,-1,553,552,554,-1,553,554,555,-1,556,555,557,-1,557,555,554,-1,556,557,558,-1,556,558,559,-1,559,558,560,-1,559,560,561,-1,561,560,562,-1,561,562,563,-1,563,562,564,-1,563,564,565,-1,565,564,566,-1,565,566,567,-1,567,566,568,-1,567,568,569,-1,570,569,571,-1,571,569,568,-1,572,570,573,-1,573,570,571,-1,574,572,575,-1,575,572,573,-1,576,574,577,-1,577,574,575,-1,578,576,579,-1,579,576,577,-1,578,579,580,-1,578,580,581,-1,581,580,582,-1,581,582,583,-1,583,582,584,-1,583,584,585,-1,585,584,586,-1,585,586,587,-1,587,586,588,-1,587,588,589,-1,589,588,590,-1,589,590,591,-1,591,590,592,-1,591,592,593,-1,593,592,594,-1,593,594,595,-1,595,594,596,-1,595,596,597,-1,597,596,598,-1,597,598,599,-1,599,598,600,-1,599,600,601,-1,601,600,602,-1,601,602,603,-1,604,603,605,-1,605,603,602,-1,606,604,607,-1,607,604,605,-1,608,606,609,-1,609,606,607,-1,489,608,491,-1,491,608,609,-1,576,604,606,-1,555,556,542,-1,608,572,606,-1,606,572,574,-1,606,574,576,-1,581,583,603,-1,583,585,603,-1,603,585,587,-1,603,587,589,-1,542,569,541,-1,541,569,570,-1,541,570,539,-1,489,488,513,-1,513,488,492,-1,513,492,495,-1,604,576,603,-1,603,576,578,-1,603,578,581,-1,589,591,603,-1,603,591,593,-1,603,593,595,-1,595,597,603,-1,603,597,599,-1,603,599,601,-1,556,559,542,-1,542,559,561,-1,542,561,563,-1,489,513,608,-1,608,513,514,-1,608,514,572,-1,572,514,516,-1,572,516,518,-1,495,497,513,-1,513,497,499,-1,513,499,511,-1,563,565,542,-1,542,565,567,-1,542,567,569,-1,518,520,572,-1,572,520,522,-1,572,522,570,-1,570,522,524,-1,570,524,526,-1,503,505,501,-1,501,505,507,-1,501,507,499,-1,499,507,509,-1,499,509,511,-1,549,542,547,-1,547,542,545,-1,549,551,542,-1,542,551,553,-1,542,553,555,-1,526,528,570,-1,570,528,531,-1,570,531,533,-1,533,535,570,-1,570,535,537,-1,570,537,539,-1,512,491,515,-1,515,491,609,-1,515,609,517,-1,490,491,493,-1,493,491,512,-1,493,512,494,-1,494,512,496,-1,598,596,588,-1,496,512,498,-1,498,512,510,-1,498,510,508,-1,508,506,498,-1,498,506,504,-1,498,504,500,-1,500,504,502,-1,573,571,525,-1,525,523,573,-1,573,523,521,-1,573,521,519,-1,586,584,602,-1,602,584,582,-1,530,529,571,-1,571,529,527,-1,571,527,525,-1,558,568,560,-1,560,568,566,-1,560,566,562,-1,562,566,564,-1,586,602,588,-1,588,602,600,-1,588,600,598,-1,596,594,588,-1,588,594,592,-1,588,592,590,-1,519,517,573,-1,573,517,609,-1,573,609,575,-1,575,609,607,-1,575,607,577,-1,577,607,605,-1,577,605,579,-1,579,605,602,-1,579,602,580,-1,580,602,582,-1,538,536,571,-1,557,554,543,-1,543,554,552,-1,543,552,550,-1,550,548,543,-1,543,548,546,-1,543,546,544,-1,558,557,568,-1,568,557,543,-1,568,543,571,-1,571,543,540,-1,571,540,538,-1,536,534,571,-1,571,534,532,-1,571,532,530,-1,610,611,612,-1,612,611,613,-1,614,610,615,-1,615,610,612,-1,614,615,616,-1,614,616,617,-1,617,616,618,-1,617,618,619,-1,619,618,620,-1,619,620,621,-1,621,620,622,-1,621,622,623,-1,623,622,624,-1,623,624,625,-1,625,624,626,-1,625,626,627,-1,627,626,628,-1,627,628,629,-1,629,628,630,-1,629,630,631,-1,631,630,632,-1,631,632,633,-1,633,632,634,-1,633,634,635,-1,636,635,637,-1,637,635,634,-1,636,637,638,-1,638,637,639,-1,638,639,640,-1,640,639,641,-1,640,641,642,-1,642,641,643,-1,642,643,644,-1,644,643,645,-1,644,645,646,-1,646,645,647,-1,646,647,648,-1,648,647,649,-1,650,648,651,-1,651,648,649,-1,650,651,652,-1,650,652,653,-1,653,652,654,-1,653,654,655,-1,655,654,656,-1,655,656,657,-1,657,656,658,-1,657,658,659,-1,659,658,660,-1,659,660,661,-1,661,660,662,-1,661,662,663,-1,664,663,665,-1,665,663,662,-1,664,665,666,-1,664,666,667,-1,667,666,668,-1,667,668,669,-1,669,668,670,-1,669,670,671,-1,671,670,672,-1,671,672,673,-1,673,672,674,-1,673,674,675,-1,675,674,676,-1,675,676,677,-1,678,677,679,-1,679,677,676,-1,678,679,680,-1,678,680,681,-1,681,680,682,-1,681,682,683,-1,683,682,684,-1,683,684,685,-1,685,684,686,-1,685,686,687,-1,687,686,688,-1,687,688,689,-1,689,688,690,-1,689,690,691,-1,692,691,693,-1,693,691,690,-1,694,692,695,-1,695,692,693,-1,696,694,697,-1,697,694,695,-1,698,696,699,-1,699,696,697,-1,700,698,701,-1,701,698,699,-1,700,701,702,-1,700,702,703,-1,703,702,704,-1,703,704,705,-1,705,704,706,-1,705,706,707,-1,707,706,708,-1,707,708,709,-1,709,708,710,-1,709,710,711,-1,711,710,712,-1,711,712,713,-1,713,712,714,-1,713,714,715,-1,715,714,716,-1,715,716,717,-1,717,716,718,-1,717,718,719,-1,719,718,720,-1,719,720,721,-1,721,720,722,-1,721,722,723,-1,723,722,724,-1,723,724,725,-1,726,725,727,-1,727,725,724,-1,728,726,729,-1,729,726,727,-1,730,728,731,-1,731,728,729,-1,611,730,613,-1,613,730,731,-1,698,726,728,-1,677,678,664,-1,730,694,728,-1,728,694,696,-1,728,696,698,-1,703,705,725,-1,705,707,725,-1,725,707,709,-1,725,709,711,-1,664,691,663,-1,663,691,692,-1,663,692,661,-1,611,610,635,-1,635,610,614,-1,635,614,617,-1,726,698,725,-1,725,698,700,-1,725,700,703,-1,711,713,725,-1,725,713,715,-1,725,715,717,-1,717,719,725,-1,725,719,721,-1,725,721,723,-1,678,681,664,-1,664,681,683,-1,664,683,685,-1,611,635,730,-1,730,635,636,-1,730,636,694,-1,694,636,638,-1,694,638,640,-1,617,619,635,-1,635,619,621,-1,635,621,633,-1,685,687,664,-1,664,687,689,-1,664,689,691,-1,640,642,694,-1,694,642,644,-1,694,644,692,-1,692,644,646,-1,692,646,648,-1,625,627,623,-1,623,627,629,-1,623,629,621,-1,621,629,631,-1,621,631,633,-1,671,664,669,-1,669,664,667,-1,671,673,664,-1,664,673,675,-1,664,675,677,-1,648,650,692,-1,692,650,653,-1,692,653,655,-1,655,657,692,-1,692,657,659,-1,692,659,661,-1,634,613,637,-1,637,613,731,-1,637,731,639,-1,612,613,615,-1,615,613,634,-1,615,634,616,-1,616,634,618,-1,720,718,710,-1,618,634,620,-1,620,634,632,-1,620,632,630,-1,630,628,620,-1,620,628,626,-1,620,626,622,-1,622,626,624,-1,695,693,647,-1,647,645,695,-1,695,645,643,-1,695,643,641,-1,708,706,724,-1,724,706,704,-1,652,651,693,-1,693,651,649,-1,693,649,647,-1,680,690,682,-1,682,690,688,-1,682,688,684,-1,684,688,686,-1,708,724,710,-1,710,724,722,-1,710,722,720,-1,718,716,710,-1,710,716,714,-1,710,714,712,-1,641,639,695,-1,695,639,731,-1,695,731,697,-1,697,731,729,-1,697,729,699,-1,699,729,727,-1,699,727,701,-1,701,727,724,-1,701,724,702,-1,702,724,704,-1,660,658,693,-1,679,676,665,-1,665,676,674,-1,665,674,672,-1,672,670,665,-1,665,670,668,-1,665,668,666,-1,680,679,690,-1,690,679,665,-1,690,665,693,-1,693,665,662,-1,693,662,660,-1,658,656,693,-1,693,656,654,-1,693,654,652,-1,732,733,734,-1,734,733,735,-1,736,732,737,-1,737,732,734,-1,736,737,738,-1,736,738,739,-1,739,738,740,-1,739,740,741,-1,741,740,742,-1,741,742,743,-1,743,742,744,-1,743,744,745,-1,745,744,746,-1,745,746,747,-1,747,746,748,-1,747,748,749,-1,749,748,750,-1,749,750,751,-1,751,750,752,-1,751,752,753,-1,753,752,754,-1,753,754,755,-1,755,754,756,-1,755,756,757,-1,758,757,759,-1,759,757,756,-1,758,759,760,-1,760,759,761,-1,760,761,762,-1,762,761,763,-1,762,763,764,-1,764,763,765,-1,764,765,766,-1,766,765,767,-1,766,767,768,-1,768,767,769,-1,768,769,770,-1,770,769,771,-1,772,770,773,-1,773,770,771,-1,772,773,774,-1,772,774,775,-1,775,774,776,-1,775,776,777,-1,777,776,778,-1,777,778,779,-1,779,778,780,-1,779,780,781,-1,781,780,782,-1,781,782,783,-1,783,782,784,-1,783,784,785,-1,786,785,787,-1,787,785,784,-1,786,787,788,-1,786,788,789,-1,789,788,790,-1,789,790,791,-1,791,790,792,-1,791,792,793,-1,793,792,794,-1,793,794,795,-1,795,794,796,-1,795,796,797,-1,797,796,798,-1,797,798,799,-1,800,799,801,-1,801,799,798,-1,800,801,802,-1,800,802,803,-1,803,802,804,-1,803,804,805,-1,805,804,806,-1,805,806,807,-1,807,806,808,-1,807,808,809,-1,809,808,810,-1,809,810,811,-1,811,810,812,-1,811,812,813,-1,814,813,815,-1,815,813,812,-1,816,814,817,-1,817,814,815,-1,818,816,819,-1,819,816,817,-1,820,818,821,-1,821,818,819,-1,822,820,823,-1,823,820,821,-1,822,823,824,-1,822,824,825,-1,825,824,826,-1,825,826,827,-1,827,826,828,-1,827,828,829,-1,829,828,830,-1,829,830,831,-1,831,830,832,-1,831,832,833,-1,833,832,834,-1,833,834,835,-1,835,834,836,-1,835,836,837,-1,837,836,838,-1,837,838,839,-1,839,838,840,-1,839,840,841,-1,841,840,842,-1,841,842,843,-1,843,842,844,-1,843,844,845,-1,845,844,846,-1,845,846,847,-1,848,847,849,-1,849,847,846,-1,850,848,851,-1,851,848,849,-1,852,850,853,-1,853,850,851,-1,733,852,735,-1,735,852,853,-1,820,848,850,-1,799,800,786,-1,852,816,850,-1,850,816,818,-1,850,818,820,-1,825,827,847,-1,827,829,847,-1,847,829,831,-1,847,831,833,-1,786,813,785,-1,785,813,814,-1,785,814,783,-1,733,732,757,-1,757,732,736,-1,757,736,739,-1,848,820,847,-1,847,820,822,-1,847,822,825,-1,833,835,847,-1,847,835,837,-1,847,837,839,-1,839,841,847,-1,847,841,843,-1,847,843,845,-1,800,803,786,-1,786,803,805,-1,786,805,807,-1,733,757,852,-1,852,757,758,-1,852,758,816,-1,816,758,760,-1,816,760,762,-1,739,741,757,-1,757,741,743,-1,757,743,755,-1,807,809,786,-1,786,809,811,-1,786,811,813,-1,762,764,816,-1,816,764,766,-1,816,766,814,-1,814,766,768,-1,814,768,770,-1,747,749,745,-1,745,749,751,-1,745,751,743,-1,743,751,753,-1,743,753,755,-1,793,786,791,-1,791,786,789,-1,793,795,786,-1,786,795,797,-1,786,797,799,-1,770,772,814,-1,814,772,775,-1,814,775,777,-1,777,779,814,-1,814,779,781,-1,814,781,783,-1,756,735,759,-1,759,735,853,-1,759,853,761,-1,734,735,737,-1,737,735,756,-1,737,756,738,-1,738,756,740,-1,842,840,832,-1,740,756,742,-1,742,756,754,-1,742,754,752,-1,752,750,742,-1,742,750,748,-1,742,748,744,-1,744,748,746,-1,817,815,769,-1,769,767,817,-1,817,767,765,-1,817,765,763,-1,830,828,846,-1,846,828,826,-1,774,773,815,-1,815,773,771,-1,815,771,769,-1,802,812,804,-1,804,812,810,-1,804,810,806,-1,806,810,808,-1,830,846,832,-1,832,846,844,-1,832,844,842,-1,840,838,832,-1,832,838,836,-1,832,836,834,-1,763,761,817,-1,817,761,853,-1,817,853,819,-1,819,853,851,-1,819,851,821,-1,821,851,849,-1,821,849,823,-1,823,849,846,-1,823,846,824,-1,824,846,826,-1,782,780,815,-1,801,798,787,-1,787,798,796,-1,787,796,794,-1,794,792,787,-1,787,792,790,-1,787,790,788,-1,802,801,812,-1,812,801,787,-1,812,787,815,-1,815,787,784,-1,815,784,782,-1,780,778,815,-1,815,778,776,-1,815,776,774,-1,854,855,856,-1,856,855,857,-1,858,854,859,-1,859,854,856,-1,858,859,860,-1,858,860,861,-1,861,860,862,-1,861,862,863,-1,863,862,864,-1,863,864,865,-1,865,864,866,-1,865,866,867,-1,867,866,868,-1,867,868,869,-1,869,868,870,-1,869,870,871,-1,871,870,872,-1,871,872,873,-1,873,872,874,-1,873,874,875,-1,875,874,876,-1,875,876,877,-1,877,876,878,-1,877,878,879,-1,880,879,881,-1,881,879,878,-1,880,881,882,-1,882,881,883,-1,882,883,884,-1,884,883,885,-1,884,885,886,-1,886,885,887,-1,886,887,888,-1,888,887,889,-1,888,889,890,-1,890,889,891,-1,890,891,892,-1,892,891,893,-1,894,892,895,-1,895,892,893,-1,894,895,896,-1,894,896,897,-1,897,896,898,-1,897,898,899,-1,899,898,900,-1,899,900,901,-1,901,900,902,-1,901,902,903,-1,903,902,904,-1,903,904,905,-1,905,904,906,-1,905,906,907,-1,908,907,909,-1,909,907,906,-1,908,909,910,-1,908,910,911,-1,911,910,912,-1,911,912,913,-1,913,912,914,-1,913,914,915,-1,915,914,916,-1,915,916,917,-1,917,916,918,-1,917,918,919,-1,919,918,920,-1,919,920,921,-1,922,921,923,-1,923,921,920,-1,922,923,924,-1,922,924,925,-1,925,924,926,-1,925,926,927,-1,927,926,928,-1,927,928,929,-1,929,928,930,-1,929,930,931,-1,931,930,932,-1,931,932,933,-1,933,932,934,-1,933,934,935,-1,936,935,937,-1,937,935,934,-1,938,936,939,-1,939,936,937,-1,940,938,941,-1,941,938,939,-1,942,940,943,-1,943,940,941,-1,944,942,945,-1,945,942,943,-1,944,945,946,-1,944,946,947,-1,947,946,948,-1,947,948,949,-1,949,948,950,-1,949,950,951,-1,951,950,952,-1,951,952,953,-1,953,952,954,-1,953,954,955,-1,955,954,956,-1,955,956,957,-1,957,956,958,-1,957,958,959,-1,959,958,960,-1,959,960,961,-1,961,960,962,-1,961,962,963,-1,963,962,964,-1,963,964,965,-1,965,964,966,-1,965,966,967,-1,967,966,968,-1,967,968,969,-1,970,969,971,-1,971,969,968,-1,972,970,973,-1,973,970,971,-1,974,972,975,-1,975,972,973,-1,855,974,857,-1,857,974,975,-1,942,970,972,-1,921,922,908,-1,974,938,972,-1,972,938,940,-1,972,940,942,-1,947,949,969,-1,949,951,969,-1,969,951,953,-1,969,953,955,-1,908,935,907,-1,907,935,936,-1,907,936,905,-1,855,854,879,-1,879,854,858,-1,879,858,861,-1,970,942,969,-1,969,942,944,-1,969,944,947,-1,955,957,969,-1,969,957,959,-1,969,959,961,-1,961,963,969,-1,969,963,965,-1,969,965,967,-1,922,925,908,-1,908,925,927,-1,908,927,929,-1,855,879,974,-1,974,879,880,-1,974,880,938,-1,938,880,882,-1,938,882,884,-1,861,863,879,-1,879,863,865,-1,879,865,877,-1,929,931,908,-1,908,931,933,-1,908,933,935,-1,884,886,938,-1,938,886,888,-1,938,888,936,-1,936,888,890,-1,936,890,892,-1,869,871,867,-1,867,871,873,-1,867,873,865,-1,865,873,875,-1,865,875,877,-1,915,908,913,-1,913,908,911,-1,915,917,908,-1,908,917,919,-1,908,919,921,-1,892,894,936,-1,936,894,897,-1,936,897,899,-1,899,901,936,-1,936,901,903,-1,936,903,905,-1,878,857,881,-1,881,857,975,-1,881,975,883,-1,856,857,859,-1,859,857,878,-1,859,878,860,-1,860,878,862,-1,964,962,954,-1,862,878,864,-1,864,878,876,-1,864,876,874,-1,874,872,864,-1,864,872,870,-1,864,870,866,-1,866,870,868,-1,939,937,891,-1,891,889,939,-1,939,889,887,-1,939,887,885,-1,952,950,968,-1,968,950,948,-1,896,895,937,-1,937,895,893,-1,937,893,891,-1,924,934,926,-1,926,934,932,-1,926,932,928,-1,928,932,930,-1,952,968,954,-1,954,968,966,-1,954,966,964,-1,962,960,954,-1,954,960,958,-1,954,958,956,-1,885,883,939,-1,939,883,975,-1,939,975,941,-1,941,975,973,-1,941,973,943,-1,943,973,971,-1,943,971,945,-1,945,971,968,-1,945,968,946,-1,946,968,948,-1,904,902,937,-1,923,920,909,-1,909,920,918,-1,909,918,916,-1,916,914,909,-1,909,914,912,-1,909,912,910,-1,924,923,934,-1,934,923,909,-1,934,909,937,-1,937,909,906,-1,937,906,904,-1,902,900,937,-1,937,900,898,-1,937,898,896,-1,976,977,978,-1,978,977,979,-1,980,976,981,-1,981,976,978,-1,980,981,982,-1,980,982,983,-1,983,982,984,-1,983,984,985,-1,985,984,986,-1,985,986,987,-1,987,986,988,-1,987,988,989,-1,989,988,990,-1,989,990,991,-1,991,990,992,-1,991,992,993,-1,993,992,994,-1,993,994,995,-1,995,994,996,-1,995,996,997,-1,997,996,998,-1,997,998,999,-1,999,998,1000,-1,999,1000,1001,-1,1002,1001,1003,-1,1003,1001,1000,-1,1002,1003,1004,-1,1004,1003,1005,-1,1004,1005,1006,-1,1006,1005,1007,-1,1006,1007,1008,-1,1008,1007,1009,-1,1008,1009,1010,-1,1010,1009,1011,-1,1010,1011,1012,-1,1012,1011,1013,-1,1012,1013,1014,-1,1014,1013,1015,-1,1016,1014,1017,-1,1017,1014,1015,-1,1016,1017,1018,-1,1016,1018,1019,-1,1019,1018,1020,-1,1019,1020,1021,-1,1021,1020,1022,-1,1021,1022,1023,-1,1023,1022,1024,-1,1023,1024,1025,-1,1025,1024,1026,-1,1025,1026,1027,-1,1027,1026,1028,-1,1027,1028,1029,-1,1030,1029,1031,-1,1031,1029,1028,-1,1030,1031,1032,-1,1030,1032,1033,-1,1033,1032,1034,-1,1033,1034,1035,-1,1035,1034,1036,-1,1035,1036,1037,-1,1037,1036,1038,-1,1037,1038,1039,-1,1039,1038,1040,-1,1039,1040,1041,-1,1041,1040,1042,-1,1041,1042,1043,-1,1044,1043,1045,-1,1045,1043,1042,-1,1044,1045,1046,-1,1044,1046,1047,-1,1047,1046,1048,-1,1047,1048,1049,-1,1049,1048,1050,-1,1049,1050,1051,-1,1051,1050,1052,-1,1051,1052,1053,-1,1053,1052,1054,-1,1053,1054,1055,-1,1055,1054,1056,-1,1055,1056,1057,-1,1058,1057,1059,-1,1059,1057,1056,-1,1060,1058,1061,-1,1061,1058,1059,-1,1062,1060,1063,-1,1063,1060,1061,-1,1064,1062,1065,-1,1065,1062,1063,-1,1066,1064,1067,-1,1067,1064,1065,-1,1066,1067,1068,-1,1066,1068,1069,-1,1069,1068,1070,-1,1069,1070,1071,-1,1071,1070,1072,-1,1071,1072,1073,-1,1073,1072,1074,-1,1073,1074,1075,-1,1075,1074,1076,-1,1075,1076,1077,-1,1077,1076,1078,-1,1077,1078,1079,-1,1079,1078,1080,-1,1079,1080,1081,-1,1081,1080,1082,-1,1081,1082,1083,-1,1083,1082,1084,-1,1083,1084,1085,-1,1085,1084,1086,-1,1085,1086,1087,-1,1087,1086,1088,-1,1087,1088,1089,-1,1089,1088,1090,-1,1089,1090,1091,-1,1092,1091,1093,-1,1093,1091,1090,-1,1094,1092,1095,-1,1095,1092,1093,-1,1096,1094,1097,-1,1097,1094,1095,-1,977,1096,979,-1,979,1096,1097,-1,1064,1092,1094,-1,1043,1044,1030,-1,1096,1060,1094,-1,1094,1060,1062,-1,1094,1062,1064,-1,1069,1071,1091,-1,1071,1073,1091,-1,1091,1073,1075,-1,1091,1075,1077,-1,1030,1057,1029,-1,1029,1057,1058,-1,1029,1058,1027,-1,977,976,1001,-1,1001,976,980,-1,1001,980,983,-1,1092,1064,1091,-1,1091,1064,1066,-1,1091,1066,1069,-1,1077,1079,1091,-1,1091,1079,1081,-1,1091,1081,1083,-1,1083,1085,1091,-1,1091,1085,1087,-1,1091,1087,1089,-1,1044,1047,1030,-1,1030,1047,1049,-1,1030,1049,1051,-1,977,1001,1096,-1,1096,1001,1002,-1,1096,1002,1060,-1,1060,1002,1004,-1,1060,1004,1006,-1,983,985,1001,-1,1001,985,987,-1,1001,987,999,-1,1051,1053,1030,-1,1030,1053,1055,-1,1030,1055,1057,-1,1006,1008,1060,-1,1060,1008,1010,-1,1060,1010,1058,-1,1058,1010,1012,-1,1058,1012,1014,-1,991,993,989,-1,989,993,995,-1,989,995,987,-1,987,995,997,-1,987,997,999,-1,1037,1030,1035,-1,1035,1030,1033,-1,1037,1039,1030,-1,1030,1039,1041,-1,1030,1041,1043,-1,1014,1016,1058,-1,1058,1016,1019,-1,1058,1019,1021,-1,1021,1023,1058,-1,1058,1023,1025,-1,1058,1025,1027,-1,1000,979,1003,-1,1003,979,1097,-1,1003,1097,1005,-1,978,979,981,-1,981,979,1000,-1,981,1000,982,-1,982,1000,984,-1,1086,1084,1076,-1,984,1000,986,-1,986,1000,998,-1,986,998,996,-1,996,994,986,-1,986,994,992,-1,986,992,988,-1,988,992,990,-1,1061,1059,1013,-1,1013,1011,1061,-1,1061,1011,1009,-1,1061,1009,1007,-1,1074,1072,1090,-1,1090,1072,1070,-1,1018,1017,1059,-1,1059,1017,1015,-1,1059,1015,1013,-1,1046,1056,1048,-1,1048,1056,1054,-1,1048,1054,1050,-1,1050,1054,1052,-1,1074,1090,1076,-1,1076,1090,1088,-1,1076,1088,1086,-1,1084,1082,1076,-1,1076,1082,1080,-1,1076,1080,1078,-1,1007,1005,1061,-1,1061,1005,1097,-1,1061,1097,1063,-1,1063,1097,1095,-1,1063,1095,1065,-1,1065,1095,1093,-1,1065,1093,1067,-1,1067,1093,1090,-1,1067,1090,1068,-1,1068,1090,1070,-1,1026,1024,1059,-1,1045,1042,1031,-1,1031,1042,1040,-1,1031,1040,1038,-1,1038,1036,1031,-1,1031,1036,1034,-1,1031,1034,1032,-1,1046,1045,1056,-1,1056,1045,1031,-1,1056,1031,1059,-1,1059,1031,1028,-1,1059,1028,1026,-1,1024,1022,1059,-1,1059,1022,1020,-1,1059,1020,1018,-1,1098,1099,1100,-1,1100,1099,1101,-1,1100,1101,1102,-1,1102,1101,1103,-1,1102,1103,1104,-1,1104,1103,1105,-1,1104,1105,1106,-1,1106,1105,1107,-1,1108,1109,1110,-1,1110,1109,1111,-1,1110,1111,1112,-1,1112,1111,1113,-1,1112,1113,1114,-1,1114,1113,1115,-1,1114,1115,1107,-1,1107,1115,1116,-1,1107,1116,1106,-1,1117,1118,1119,-1,1119,1118,1120,-1,1119,1120,1121,-1,1121,1120,1122,-1,1121,1122,1123,-1,1123,1122,1124,-1,1123,1124,1125,-1,1125,1124,1126,-1,1127,1128,1129,-1,1129,1128,1130,-1,1129,1130,1131,-1,1131,1130,1132,-1,1131,1132,1117,-1,1117,1132,1133,-1,1117,1133,1118,-1,1134,1135,1136,-1,1136,1135,1137,-1,1138,1139,1100,-1,1100,1139,1140,-1,1138,1100,1141,-1,1141,1100,1130,-1,1141,1130,1128,-1,1142,1143,1100,-1,1144,1145,1146,-1,1147,1148,1128,-1,1128,1148,1149,-1,1128,1149,1141,-1,1150,1142,1145,-1,1145,1142,1100,-1,1145,1100,1151,-1,1151,1100,1140,-1,1144,1152,1145,-1,1145,1152,1153,-1,1145,1153,1150,-1,1143,1154,1100,-1,1100,1154,1155,-1,1100,1155,1098,-1,1147,1156,1148,-1,1148,1156,1157,-1,1148,1157,1158,-1,1159,1160,1161,-1,1155,1162,1098,-1,1098,1162,1163,-1,1098,1163,1135,-1,1164,1146,1165,-1,1159,1161,1163,-1,1163,1161,1166,-1,1163,1166,1135,-1,1164,1167,1146,-1,1146,1167,1168,-1,1146,1168,1169,-1,1169,1170,1146,-1,1146,1170,1171,-1,1146,1171,1144,-1,1172,1173,1174,-1,1174,1173,1175,-1,1135,1134,1098,-1,1098,1134,1173,-1,1098,1173,1176,-1,1176,1173,1172,-1,1177,1178,1165,-1,1165,1178,1179,-1,1165,1179,1164,-1,1177,1180,1178,-1,1178,1180,1181,-1,1178,1181,1182,-1,1130,1100,1102,-1,1130,1102,1132,-1,1132,1102,1104,-1,1132,1104,1133,-1,1133,1104,1106,-1,1133,1106,1118,-1,1118,1106,1116,-1,1118,1116,1120,-1,1120,1116,1115,-1,1120,1115,1122,-1,1122,1115,1113,-1,1122,1113,1124,-1,1124,1113,1111,-1,1124,1111,1126,-1,1111,1109,1183,-1,1184,1185,1126,-1,1111,1183,1126,-1,1126,1183,1186,-1,1126,1186,1184,-1,1187,1188,1186,-1,1186,1188,1184,-1,1125,1189,1188,-1,1108,1110,1190,-1,1190,1110,1125,-1,1190,1125,1187,-1,1187,1125,1188,-1,1125,1110,1123,-1,1123,1110,1112,-1,1123,1112,1121,-1,1121,1112,1114,-1,1121,1114,1119,-1,1119,1114,1107,-1,1119,1107,1117,-1,1117,1107,1105,-1,1117,1105,1131,-1,1131,1105,1103,-1,1131,1103,1129,-1,1129,1103,1101,-1,1127,1129,1101,-1,1191,1192,1101,-1,1193,1127,1194,-1,1195,1196,1099,-1,1197,1198,1101,-1,1101,1198,1199,-1,1192,1200,1101,-1,1101,1200,1201,-1,1101,1201,1127,-1,1127,1201,1202,-1,1127,1202,1194,-1,1191,1101,1203,-1,1203,1101,1199,-1,1203,1199,1204,-1,1204,1199,1205,-1,1204,1205,1206,-1,1099,1196,1101,-1,1101,1196,1207,-1,1101,1207,1197,-1,1208,1209,1210,-1,1211,1212,1194,-1,1194,1212,1213,-1,1194,1213,1193,-1,1208,1210,1214,-1,1209,1215,1210,-1,1210,1215,1216,-1,1210,1216,1217,-1,1218,1219,1220,-1,1220,1219,1195,-1,1220,1195,1221,-1,1206,1222,1204,-1,1204,1222,1223,-1,1204,1223,1210,-1,1210,1223,1224,-1,1210,1224,1214,-1,1225,1226,1099,-1,1099,1226,1136,-1,1099,1136,1195,-1,1195,1136,1137,-1,1195,1137,1221,-1,1225,1227,1226,-1,1226,1227,1228,-1,1226,1228,1229,-1,1230,1231,1232,-1,1232,1231,1233,-1,1216,1234,1217,-1,1217,1234,1231,-1,1217,1231,1235,-1,1235,1231,1230,-1,1164,1179,1216,-1,1216,1179,1234,-1,1171,1224,1144,-1,1144,1224,1223,-1,1144,1223,1152,-1,1152,1223,1222,-1,1152,1222,1153,-1,1153,1222,1206,-1,1153,1206,1150,-1,1150,1206,1205,-1,1150,1205,1142,-1,1142,1205,1199,-1,1142,1199,1143,-1,1143,1199,1198,-1,1143,1198,1154,-1,1154,1198,1197,-1,1154,1197,1155,-1,1155,1197,1207,-1,1155,1207,1162,-1,1162,1207,1196,-1,1162,1196,1163,-1,1163,1196,1195,-1,1202,1201,1149,-1,1149,1201,1141,-1,1210,1217,1146,-1,1146,1217,1165,-1,1202,1149,1148,-1,1202,1148,1194,-1,1194,1148,1158,-1,1194,1158,1211,-1,1211,1158,1157,-1,1211,1157,1212,-1,1212,1157,1156,-1,1212,1156,1213,-1,1213,1156,1147,-1,1213,1147,1193,-1,1193,1147,1128,-1,1193,1128,1127,-1,1141,1201,1138,-1,1138,1201,1200,-1,1138,1200,1139,-1,1139,1200,1192,-1,1139,1192,1140,-1,1140,1192,1191,-1,1140,1191,1151,-1,1151,1191,1203,-1,1151,1203,1145,-1,1145,1203,1204,-1,1145,1204,1146,-1,1146,1204,1210,-1,1134,1136,1226,-1,1134,1226,1173,-1,1173,1226,1229,-1,1173,1229,1175,-1,1175,1229,1228,-1,1175,1228,1174,-1,1174,1228,1227,-1,1174,1227,1172,-1,1172,1227,1225,-1,1172,1225,1176,-1,1176,1225,1099,-1,1176,1099,1098,-1,1164,1216,1215,-1,1164,1215,1167,-1,1167,1215,1209,-1,1167,1209,1168,-1,1168,1209,1208,-1,1168,1208,1169,-1,1169,1208,1214,-1,1169,1214,1170,-1,1170,1214,1224,-1,1170,1224,1171,-1,1163,1195,1219,-1,1163,1219,1159,-1,1159,1219,1218,-1,1159,1218,1160,-1,1160,1218,1220,-1,1160,1220,1161,-1,1161,1220,1221,-1,1161,1221,1166,-1,1166,1221,1137,-1,1166,1137,1135,-1,1234,1179,1178,-1,1234,1178,1231,-1,1231,1178,1182,-1,1231,1182,1233,-1,1233,1182,1181,-1,1233,1181,1232,-1,1232,1181,1180,-1,1232,1180,1230,-1,1230,1180,1177,-1,1230,1177,1235,-1,1235,1177,1165,-1,1235,1165,1217,-1,1185,1189,1126,-1,1126,1189,1125,-1,1188,1189,1184,-1,1184,1189,1185,-1,
        ]
    }
}
Shape{
    appearance Appearance {
        material  Material 	{
            diffuseColor 0.996078431372549 0.8705882352941177 0.7607843137254902
            specularColor 0.4980392156862745 0.43529411764705883 0.3803921568627451
            ambientIntensity 0.2
            transparency 0
            shininess 0.5
        }
    }
    geometry IndexedFaceSet {
        ccw TRUE
        solid FALSE
        coord DEF co Coordinate {
            point [
                1.3583 -0.0098 -0.1969, 1.3583 -0.0098 0.0, 1.2795 -0.0098 -0.1969, 1.2795 -0.0098 0.0, 1.3583 -0.3248 -0.1969, 1.2795 -0.3248 -0.1969, 1.2795 -0.3248 -0.1969
            ]
        }
        coordIndex [
            0,1,2,-1,2,1,3,-1,0,2,4,-1,4,2,5,-1,
        ]
    }
}
Shape{
    appearance Appearance {
        material  Material 	{
            diffuseColor 0.7529411764705882 0.7529411764705882 0.7529411764705882
            specularColor 0.3764705882352941 0.3764705882352941 0.3764705882352941
            ambientIntensity 0.2
            transparency 0
            shininess 0.5
        }
    }
    geometry IndexedFaceSet {
        ccw TRUE
        solid FALSE
        coord DEF co Coordinate {
            point [
                -1.378 -0.3248 -0.3176, -1.324 -0.3248 -0.3758, -1.3698 -0.3248 -0.3113, -1.3053 -0.3248 -0.3571, -1.3635 -0.3248 -0.3031, -1.2912 -0.3248 -0.3347, -1.3596 -0.3248 -0.2937, -1.2825 -0.3248 -0.3097, -1.3583 -0.3248 -0.2835, -1.2795 -0.3248 -0.2835, -1.3583 -0.3248 -0.1969, -1.2795 -0.3248 -0.1969, -1.9094 -0.3248 -0.3228, -1.9094 -0.3248 -0.4016, -1.3976 -0.3248 -0.3228, -1.3976 -0.3248 -0.4016, -1.3874 -0.3248 -0.3215, -1.3714 -0.3248 -0.3986, -1.3464 -0.3248 -0.3899, -1.7913 0.4626 -0.4016, -1.7913 0.4626 -0.3228, -1.3976 0.4626 -0.4016, -1.3976 0.4626 -0.3228, -1.3714 0.4626 -0.3986, -1.3874 0.4626 -0.3215, -1.3464 0.4626 -0.3899, -1.378 0.4626 -0.3176, -1.324 0.4626 -0.3758, -1.3698 0.4626 -0.3113, -1.3583 0.4626 -0.2835, -1.2795 0.4626 -0.2835, -1.3596 0.4626 -0.2937, -1.2825 0.4626 -0.3097, -1.3635 0.4626 -0.3031, -1.2912 0.4626 -0.3347, -1.3053 0.4626 -0.3571, -1.9488 -0.2393 -0.4016, -1.9488 -0.2854 -0.4016, -1.9488 -0.2393 -0.3228, -1.9488 -0.2854 -0.3228, -1.8422 0.0804 -0.4016, -1.836 0.0886 -0.4016, -1.832 0.0981 -0.4016, -1.8307 0.1083 -0.4016, -1.9226 -0.2022 -0.4016, -1.9053 -0.1936 -0.4016, -1.8794 -0.1652 -0.4016, -1.8725 -0.1471 -0.4016, -1.8701 -0.128 -0.4016, -1.9094 0.0689 -0.4016, -1.8701 0.0689 -0.4016, -1.9488 -0.0166 -0.4016, -1.8504 0.0742 -0.4016, -1.8599 0.0702 -0.4016, -1.8725 -0.1088 -0.4016, -1.8794 -0.0907 -0.4016, -1.8906 -0.181 -0.4016, -1.811 0.4573 -0.4016, -1.8294 0.4334 -0.4016, -1.8192 0.4511 -0.4016, -1.8254 0.4429 -0.4016, -1.8307 0.4232 -0.4016, -1.8015 0.4613 -0.4016, -1.9476 -0.0262 -0.4016, -1.9386 -0.2128 -0.4016, -1.9312 -0.2065 -0.4016, -1.9441 -0.2207 -0.4016, -1.9476 -0.2297 -0.4016, -1.8906 -0.0749 -0.4016, -1.9053 -0.0624 -0.4016, -1.9226 -0.0537 -0.4016, -1.9312 -0.0494 -0.4016, -1.9386 -0.0431 -0.4016, -1.9441 -0.0352 -0.4016, -1.9196 -0.3235 -0.4016, -1.9475 -0.2956 -0.4016, -1.9291 -0.3195 -0.4016, -1.9373 -0.3133 -0.4016, -1.9435 -0.3051 -0.4016, -1.9291 0.0636 -0.4016, -1.9475 0.0397 -0.4016, -1.9373 0.0574 -0.4016, -1.9435 0.0492 -0.4016, -1.9488 0.0295 -0.4016, -1.9196 0.0676 -0.4016, -1.2795 0.6988 -0.2835, -1.2795 0.6988 0.0, -1.2795 -0.0098 -0.1969, -1.2795 -0.0098 0.0, -1.3583 -0.0098 0.0, -1.3583 0.6988 0.0, -1.3583 -0.0098 -0.1969, -1.3583 0.6988 -0.2835, -1.832 0.0981 -0.3228, -1.836 0.0886 -0.3228, -1.8422 0.0804 -0.3228, -1.8307 0.1083 -0.3228, -1.8701 -0.128 -0.3228, -1.8725 -0.1471 -0.3228, -1.8725 -0.1088 -0.3228, -1.8599 0.0702 -0.3228, -1.8794 -0.0907 -0.3228, -1.8906 -0.0749 -0.3228, -1.8504 0.0742 -0.3228, -1.9053 -0.0624 -0.3228, -1.8701 0.0689 -0.3228, -1.9226 -0.0537 -0.3228, -1.8015 0.4613 -0.3228, -1.8294 0.4334 -0.3228, -1.8307 0.4232 -0.3228, -1.811 0.4573 -0.3228, -1.8192 0.4511 -0.3228, -1.8254 0.4429 -0.3228, -1.8794 -0.1652 -0.3228, -1.8906 -0.181 -0.3228, -1.9312 -0.2065 -0.3228, -1.9386 -0.2128 -0.3228, -1.9441 -0.2207 -0.3228, -1.9053 -0.1936 -0.3228, -1.9226 -0.2022 -0.3228, -1.9476 -0.2297 -0.3228, -1.9094 0.0689 -0.3228, -1.9488 -0.0166 -0.3228, -1.9476 -0.0262 -0.3228, -1.9441 -0.0352 -0.3228, -1.9291 -0.3195 -0.3228, -1.9475 -0.2956 -0.3228, -1.9373 -0.3133 -0.3228, -1.9435 -0.3051 -0.3228, -1.9196 -0.3235 -0.3228, -1.9386 -0.0431 -0.3228, -1.9312 -0.0494 -0.3228, -1.9196 0.0676 -0.3228, -1.9475 0.0397 -0.3228, -1.9488 0.0295 -0.3228, -1.9291 0.0636 -0.3228, -1.9373 0.0574 -0.3228, -1.9435 0.0492 -0.3228, -1.9435 0.0492 -0.3228
            ]
        }
        coordIndex [
            0,1,2,-1,2,1,3,-1,2,3,4,-1,4,3,5,-1,4,5,6,-1,6,5,7,-1,6,7,8,-1,8,7,9,-1,8,9,10,-1,10,9,11,-1,12,13,14,-1,14,13,15,-1,14,15,16,-1,16,15,17,-1,16,17,0,-1,0,17,18,-1,0,18,1,-1,19,20,21,-1,21,20,22,-1,21,22,23,-1,23,22,24,-1,23,24,25,-1,25,24,26,-1,25,26,27,-1,27,26,28,-1,29,30,31,-1,31,30,32,-1,31,32,33,-1,33,32,34,-1,33,34,28,-1,28,34,35,-1,28,35,27,-1,36,37,38,-1,38,37,39,-1,40,41,15,-1,15,41,42,-1,42,43,15,-1,15,43,19,-1,15,19,21,-1,44,45,13,-1,46,47,15,-1,15,47,48,-1,49,50,51,-1,40,15,52,-1,52,15,48,-1,52,48,53,-1,53,48,54,-1,53,54,55,-1,13,45,15,-1,15,45,56,-1,15,56,46,-1,57,58,59,-1,59,58,60,-1,43,61,19,-1,19,61,58,-1,19,58,62,-1,62,58,57,-1,51,50,63,-1,64,65,66,-1,66,65,44,-1,66,44,67,-1,55,68,53,-1,53,68,69,-1,53,69,50,-1,50,69,70,-1,50,70,71,-1,71,72,50,-1,50,72,73,-1,50,73,63,-1,74,75,13,-1,13,75,37,-1,13,37,44,-1,44,37,36,-1,44,36,67,-1,74,76,75,-1,75,76,77,-1,75,77,78,-1,79,80,81,-1,81,80,82,-1,51,83,49,-1,49,83,80,-1,49,80,84,-1,84,80,79,-1,30,9,7,-1,30,7,32,-1,32,7,5,-1,32,5,34,-1,34,5,3,-1,34,3,35,-1,35,3,1,-1,35,1,27,-1,27,1,18,-1,27,18,25,-1,25,18,17,-1,25,17,23,-1,23,17,15,-1,23,15,21,-1,30,85,86,-1,11,9,87,-1,87,9,30,-1,87,30,88,-1,88,30,86,-1,88,86,89,-1,89,86,90,-1,8,10,91,-1,90,92,29,-1,8,91,29,-1,29,91,89,-1,29,89,90,-1,22,14,24,-1,24,14,16,-1,24,16,26,-1,26,16,0,-1,26,0,28,-1,28,0,2,-1,28,2,33,-1,33,2,4,-1,33,4,31,-1,31,4,6,-1,31,6,29,-1,29,6,8,-1,93,94,14,-1,14,94,95,-1,93,14,96,-1,96,14,22,-1,96,22,20,-1,97,98,14,-1,99,100,101,-1,101,100,102,-1,99,97,100,-1,100,97,14,-1,100,14,103,-1,103,14,95,-1,102,100,104,-1,104,100,105,-1,104,105,106,-1,107,108,20,-1,20,108,109,-1,20,109,96,-1,107,110,108,-1,108,110,111,-1,108,111,112,-1,98,113,14,-1,14,113,114,-1,14,114,12,-1,115,116,117,-1,114,118,12,-1,12,118,119,-1,12,119,38,-1,115,117,119,-1,119,117,120,-1,119,120,38,-1,121,122,105,-1,105,122,123,-1,105,123,124,-1,125,126,127,-1,127,126,128,-1,38,39,12,-1,12,39,126,-1,12,126,129,-1,129,126,125,-1,124,130,105,-1,105,130,131,-1,105,131,106,-1,132,133,121,-1,121,133,134,-1,121,134,122,-1,132,135,133,-1,133,135,136,-1,133,136,137,-1,83,51,134,-1,134,51,122,-1,44,119,45,-1,45,119,118,-1,45,118,56,-1,56,118,114,-1,56,114,46,-1,46,114,113,-1,46,113,47,-1,47,113,98,-1,47,98,48,-1,48,98,97,-1,48,97,54,-1,54,97,99,-1,54,99,55,-1,55,99,101,-1,55,101,68,-1,68,101,102,-1,68,102,69,-1,69,102,104,-1,69,104,70,-1,70,104,106,-1,96,109,43,-1,43,109,61,-1,121,105,49,-1,49,105,50,-1,20,19,62,-1,20,62,107,-1,107,62,57,-1,107,57,110,-1,110,57,59,-1,110,59,111,-1,111,59,60,-1,111,60,112,-1,112,60,58,-1,112,58,108,-1,108,58,61,-1,108,61,109,-1,50,105,53,-1,53,105,100,-1,53,100,52,-1,52,100,103,-1,52,103,40,-1,40,103,95,-1,40,95,41,-1,41,95,94,-1,41,94,42,-1,42,94,93,-1,42,93,43,-1,43,93,96,-1,13,12,129,-1,13,129,74,-1,74,129,125,-1,74,125,76,-1,76,125,127,-1,76,127,77,-1,77,127,128,-1,77,128,78,-1,78,128,126,-1,78,126,75,-1,75,126,39,-1,75,39,37,-1,70,106,131,-1,70,131,71,-1,71,131,130,-1,71,130,72,-1,72,130,124,-1,72,124,73,-1,73,124,123,-1,73,123,63,-1,63,123,122,-1,63,122,51,-1,36,38,120,-1,36,120,67,-1,67,120,117,-1,67,117,66,-1,66,117,116,-1,66,116,64,-1,64,116,115,-1,64,115,65,-1,65,115,119,-1,65,119,44,-1,121,49,84,-1,121,84,132,-1,132,84,79,-1,132,79,135,-1,135,79,81,-1,135,81,136,-1,136,81,82,-1,136,82,137,-1,137,82,80,-1,137,80,133,-1,133,80,83,-1,133,83,134,-1,92,85,29,-1,29,85,30,-1,92,90,85,-1,85,90,86,-1,
        ]
    }
}
Shape{
    appearance Appearance {
        material  Material 	{
            diffuseColor 0.996078431372549 0.8705882352941177 0.7607843137254902
            specularColor 0.4980392156862745 0.43529411764705883 0.3803921568627451
            ambientIntensity 0.2
            transparency 0
            shininess 0.5
        }
    }
    geometry IndexedFaceSet {
        ccw TRUE
        solid FALSE
        coord DEF co Coordinate {
            point [
                -1.3583 -0.0098 0.0, -1.3583 -0.0098 -0.1969, -1.2795 -0.0098 0.0, -1.2795 -0.0098 -0.1969, -1.3583 -0.3248 -0.1969, -1.2795 -0.3248 -0.1969, -1.2795 -0.3248 -0.1969
            ]
        }
        coordIndex [
            0,1,2,-1,2,1,3,-1,4,5,1,-1,1,5,3,-1,
        ]
    }
}
Shape{
    appearance Appearance {
        material  Material 	{
            diffuseColor 0.25098039215686274 0.25098039215686274 0.25098039215686274
            specularColor 0.12549019607843137 0.12549019607843137 0.12549019607843137
            ambientIntensity 0.2
            transparency 0
            shininess 0.5
        }
    }
    geometry IndexedFaceSet {
        ccw TRUE
        solid FALSE
        coord DEF co Coordinate {
            point [
                1.6339 -0.876 -0.1575, 1.6339 -1.1909 -0.1575, 1.3189 -0.876 -0.1575, 1.0039 -1.1909 -0.1575, 1.3189 -0.3012 -0.1575, 1.0039 -0.3012 -0.1575, 1.0039 -0.3012 -0.1575
            ]
        }
        coordIndex [
            0,1,2,-1,2,1,3,-1,2,3,4,-1,4,3,5,-1,
        ]
    }
}
Shape{
    appearance Appearance {
        material  Material 	{
            diffuseColor 0.2235294117647059 0.2235294117647059 0.2235294117647059
            specularColor 0.11372549019607843 0.11372549019607843 0.11372549019607843
            ambientIntensity 0.2
            transparency 0
            shininess 0.5
        }
    }
    geometry IndexedFaceSet {
        ccw TRUE
        solid FALSE
        coord DEF co Coordinate {
            point [
                -1.0039 -0.3406 0.3408, -1.3189 -0.3406 0.3408, -1.0039 -0.4035 0.3937, -1.3189 -0.4035 0.3937, -1.0039 -0.3012 0.3408, -1.3189 -0.3012 0.3408, -1.3189 -0.3012 0.3408
            ]
        }
        coordIndex [
            0,1,2,-1,2,1,3,-1,4,5,0,-1,0,5,1,-1,
        ]
    }
}
Shape{
    appearance Appearance {
        material  Material 	{
            diffuseColor 0.25098039215686274 0.25098039215686274 0.25098039215686274
            specularColor 0.12549019607843137 0.12549019607843137 0.12549019607843137
            ambientIntensity 0.2
            transparency 0
            shininess 0.5
        }
    }
    geometry IndexedFaceSet {
        ccw TRUE
        solid FALSE
        coord DEF co Coordinate {
            point [
                1.3189 -0.3012 -0.1575, 1.3189 -0.3012 0.3408, 1.3189 -0.3406 0.3408, 1.3189 -0.876 -0.1575, 1.3189 -0.4035 0.3937, 1.3189 -0.876 0.3937, 1.3189 -0.876 0.3937
            ]
        }
        coordIndex [
            0,1,2,-1,0,2,3,-1,3,2,4,-1,3,4,5,-1,
        ]
    }
}
Shape{
    appearance Appearance {
        material  Material 	{
            diffuseColor 0.2235294117647059 0.2235294117647059 0.2235294117647059
            specularColor 0.11372549019607843 0.11372549019607843 0.11372549019607843
            ambientIntensity 0.2
            transparency 0
            shininess 0.5
        }
    }
    geometry IndexedFaceSet {
        ccw TRUE
        solid FALSE
        coord DEF co Coordinate {
            point [
                1.0039 -0.4035 0.3937, 1.3189 -0.4035 0.3937, 1.0039 -0.3406 0.3408, 1.3189 -0.3406 0.3408, -1.3189 -0.876 0.3937, -1.6339 -0.876 0.3937, -1.6339 -1.1909 0.3937, -1.0039 -0.6949 0.3937, -1.0039 -0.4035 0.3937, -1.3189 -0.4035 0.3937, 1.6339 -1.1909 0.3937, 1.3189 -0.876 0.3937, 1.6339 -0.876 0.3937, 1.0039 -0.6949 0.3937, 1.0039 -1.1909 -0.1575, 1.6339 -1.1909 -0.1575, 1.0039 -1.1909 0.0394, -1.0039 -1.1909 0.0394, -1.0039 -1.1909 -0.1575, -1.6339 -1.1909 -0.1575, -1.0039 -0.3012 0.0394, -1.0039 -0.3012 -0.1575, -1.3189 -0.3012 -0.1575, 1.3189 -0.3012 -0.1575, 1.0039 -0.3012 -0.1575, 1.3189 -0.3012 0.3408, 1.0039 -0.3012 0.0394, -1.3189 -0.3012 0.3408, -1.0039 -0.3012 0.3408, -1.0039 -0.3012 0.1969, 1.0039 -0.3012 0.3408, 1.0039 -0.3012 0.1969, 1.0039 -0.3012 0.1969
            ]
        }
        coordIndex [
            0,1,2,-1,2,1,3,-1,4,5,6,-1,7,8,9,-1,6,10,11,-1,11,10,12,-1,9,4,7,-1,7,4,6,-1,7,6,13,-1,13,6,11,-1,13,11,0,-1,0,11,1,-1,14,15,16,-1,16,15,10,-1,16,10,17,-1,17,10,6,-1,17,6,18,-1,18,6,19,-1,20,21,22,-1,23,24,25,-1,25,24,26,-1,27,28,29,-1,30,25,31,-1,31,25,26,-1,31,26,29,-1,29,26,20,-1,29,20,27,-1,27,20,22,-1,2,3,30,-1,30,3,25,-1,
        ]
    }
}
Shape{
    appearance Appearance {
        material  Material 	{
            diffuseColor 0.25098039215686274 0.25098039215686274 0.25098039215686274
            specularColor 0.12549019607843137 0.12549019607843137 0.12549019607843137
            ambientIntensity 0.2
            transparency 0
            shininess 0.5
        }
    }
    geometry IndexedFaceSet {
        ccw TRUE
        solid FALSE
        coord DEF co Coordinate {
            point [
                -1.3189 -0.3406 0.3408, -1.3189 -0.3012 0.3408, -1.3189 -0.3012 -0.1575, -1.3189 -0.4035 0.3937, -1.3189 -0.876 -0.1575, -1.3189 -0.876 0.3937, -1.6339 -0.876 -0.1575, -1.6339 -0.876 0.3937, -1.6339 -1.1909 0.3937, -1.6339 -1.1909 -0.1575, 1.3189 -0.876 0.3937, 1.6339 -0.876 0.3937, 1.3189 -0.876 -0.1575, 1.6339 -0.876 -0.1575, 1.6339 -1.1909 0.3937, 1.6339 -1.1909 -0.1575, -1.0039 -0.3012 -0.1575, -1.0039 -1.1909 -0.1575, -1.0039 -1.1909 -0.1575
            ]
        }
        coordIndex [
            0,1,2,-1,0,2,3,-1,3,2,4,-1,3,4,5,-1,6,7,4,-1,4,7,5,-1,8,7,9,-1,9,7,6,-1,10,11,12,-1,12,11,13,-1,11,14,13,-1,13,14,15,-1,2,16,4,-1,4,16,17,-1,4,17,6,-1,6,17,9,-1,
        ]
    }
}
Shape{
    appearance Appearance {
        material  Material 	{
            diffuseColor 0.2235294117647059 0.2235294117647059 0.2235294117647059
            specularColor 0.11372549019607843 0.11372549019607843 0.11372549019607843
            ambientIntensity 0.2
            transparency 0
            shininess 0.5
        }
    }
    geometry IndexedFaceSet {
        ccw TRUE
        solid FALSE
        coord DEF co Coordinate {
            point [
                -1.0039 -0.3012 0.1969, -1.0039 -0.3012 0.3408, -1.0039 -0.3406 0.3408, -1.0039 -0.4035 0.3937, -1.0039 -0.6949 0.3937, -1.0039 -0.6949 0.1969, 1.0039 -0.6949 0.3937, 1.0039 -0.4035 0.3937, 1.0039 -0.6949 0.1969, 1.0039 -0.3406 0.3408, 1.0039 -0.3012 0.1969, 1.0039 -0.3012 0.3408, -1.0039 -1.1909 0.0394, -1.0039 -0.3012 0.0394, 1.0039 -1.1909 0.0394, 1.0039 -0.3012 0.0394, 1.0039 -1.1909 -0.1575, 1.0039 -0.3012 -0.1575, -1.0039 -1.1909 -0.1575, -1.0039 -0.3012 -0.1575, -1.0039 -0.3012 -0.1575
            ]
        }
        coordIndex [
            0,1,2,-1,3,4,2,-1,2,4,5,-1,2,5,0,-1,6,7,8,-1,8,7,9,-1,8,9,10,-1,10,9,11,-1,8,5,6,-1,6,5,4,-1,8,10,5,-1,5,10,0,-1,12,13,14,-1,14,13,15,-1,14,15,16,-1,16,15,17,-1,18,19,12,-1,12,19,13,-1,
        ]
    }
}
Shape{
    appearance Appearance {
        material  Material 	{
            diffuseColor 0.996078431372549 0.8705882352941177 0.7607843137254902
            specularColor 0.4980392156862745 0.43529411764705883 0.3803921568627451
            ambientIntensity 0.2
            transparency 0
            shininess 0.5
        }
    }
    geometry IndexedFaceSet {
        ccw TRUE
        solid FALSE
        coord DEF co Coordinate {
            point [
                0.1142 0.8957 0.3543, 0.1142 0.8957 -0.2756, 0.0827 0.8957 0.3543, 0.0827 0.8957 -0.2756, 0.311 0.8957 0.3543, 0.311 0.8957 -0.2756, 0.2795 0.8957 0.3543, 0.2795 0.8957 -0.2756, 0.2402 0.8169 0.3268, 0.2402 0.8169 0.3543, 0.2402 0.8563 0.3543, 0.2402 -0.128 0.2756, 0.2402 -0.128 0.3268, 0.2402 0.4232 0.2756, 0.2402 0.4232 -0.2756, 0.2402 0.7776 -0.2756, 0.2402 0.8563 -0.2756, 0.1535 0.8563 -0.2756, 0.1535 0.8563 0.3543, 0.1535 0.8169 0.3268, 0.1535 0.8169 0.3543, 0.1535 -0.128 0.3268, 0.1535 0.4232 0.2756, 0.1535 -0.128 0.2756, 0.1535 0.7776 -0.2756, 0.1535 0.4232 -0.2756, 0.5079 0.8957 0.3543, 0.5079 0.8957 -0.2756, 0.4764 0.8957 0.3543, 0.4764 0.8957 -0.2756, 0.437 0.8169 0.3268, 0.437 0.8169 0.3543, 0.437 0.8563 0.3543, 0.437 -0.128 0.2756, 0.437 -0.128 0.3268, 0.437 0.4232 0.2756, 0.437 0.4232 -0.2756, 0.437 0.7776 -0.2756, 0.437 0.8563 -0.2756, 0.3504 0.8563 -0.2756, 0.3504 0.8563 0.3543, 0.3504 0.8169 0.3268, 0.3504 0.8169 0.3543, 0.3504 -0.128 0.3268, 0.3504 0.4232 0.2756, 0.3504 -0.128 0.2756, 0.3504 0.7776 -0.2756, 0.3504 0.4232 -0.2756, 0.8701 0.8957 0.3543, 1.9488 0.8957 0.3543, 1.4961 0.8957 0.2362, 1.7913 0.8957 0.2362, 1.0039 0.8957 -0.2756, 0.8701 0.8957 -0.2756, 1.7913 0.8957 -0.1969, 1.9488 0.8957 -0.2953, 1.4961 0.8957 -0.1969, 1.2795 0.8957 0.0, 1.2795 0.8957 -0.3937, 1.0039 0.8957 -0.3937, 1.3583 0.8957 0.0, 1.3583 0.8957 -0.2559, 1.3596 0.8957 -0.2661, 1.3976 0.8957 -0.2953, 1.3874 0.8957 -0.2939, 1.378 0.8957 -0.29, 1.3698 0.8957 -0.2837, 1.3635 0.8957 -0.2756, 0.7047 0.8957 0.3543, 0.7047 0.8957 -0.2756, 0.6732 0.8957 0.3543, 0.6732 0.8957 -0.2756, 0.8307 0.8169 0.3268, 0.8307 0.8169 0.3543, 0.8307 0.8563 0.3543, 0.8307 -0.128 0.2756, 0.8307 -0.128 0.3268, 0.8307 0.4232 0.2756, 0.8307 0.4232 -0.2756, 0.8307 0.7776 -0.2756, 0.8307 0.8563 -0.2756, 0.7441 0.8563 -0.2756, 0.7441 0.8563 0.3543, 0.7441 0.8169 0.3268, 0.7441 0.8169 0.3543, 0.7441 -0.128 0.3268, 0.7441 0.4232 0.2756, 0.7441 -0.128 0.2756, 0.7441 0.7776 -0.2756, 0.7441 0.4232 -0.2756, 0.6339 0.8169 0.3268, 0.6339 0.8169 0.3543, 0.6339 0.8563 0.3543, 0.6339 -0.128 0.2756, 0.6339 -0.128 0.3268, 0.6339 0.4232 0.2756, 0.6339 0.4232 -0.2756, 0.6339 0.7776 -0.2756, 0.6339 0.8563 -0.2756, 0.5472 0.8563 -0.2756, 0.5472 0.8563 0.3543, 0.5472 0.8169 0.3268, 0.5472 0.8169 0.3543, 0.5472 -0.128 0.3268, 0.5472 0.4232 0.2756, 0.5472 -0.128 0.2756, 0.5472 0.7776 -0.2756, 0.5472 0.4232 -0.2756, -0.2795 0.8957 0.3543, -0.2795 0.8957 -0.2756, -0.311 0.8957 0.3543, -0.311 0.8957 -0.2756, -0.0827 0.8957 0.3543, -0.0827 0.8957 -0.2756, -0.1142 0.8957 0.3543, -0.1142 0.8957 -0.2756, -0.1535 0.8169 0.3268, -0.1535 0.8169 0.3543, -0.1535 0.8563 0.3543, -0.1535 -0.128 0.2756, -0.1535 -0.128 0.3268, -0.1535 0.4232 0.2756, -0.1535 0.4232 -0.2756, -0.1535 0.7776 -0.2756, -0.1535 0.8563 -0.2756, -0.2402 0.8563 -0.2756, -0.2402 0.8563 0.3543, -0.2402 0.8169 0.3268, -0.2402 0.8169 0.3543, -0.2402 -0.128 0.3268, -0.2402 0.4232 0.2756, -0.2402 -0.128 0.2756, -0.2402 0.7776 -0.2756, -0.2402 0.4232 -0.2756, -0.8701 0.8957 0.3543, -1.4961 0.8957 0.2362, -1.9488 0.8957 0.3543, -1.7913 0.8957 0.2362, -1.9488 0.8957 -0.2953, -1.7913 0.8957 -0.1969, -1.3976 0.8957 -0.2953, -1.4961 0.8957 -0.1969, -1.3874 0.8957 -0.2939, -1.0039 0.8957 -0.3937, -1.2795 0.8957 -0.3937, -1.0039 0.8957 -0.2756, -1.2795 0.8957 0.0, -1.3596 0.8957 -0.2661, -1.3635 0.8957 -0.2756, -0.8701 0.8957 -0.2756, -1.3583 0.8957 0.0, -1.3583 0.8957 -0.2559, -1.3698 0.8957 -0.2837, -1.378 0.8957 -0.29, -0.6732 0.8957 0.3543, -0.6732 0.8957 -0.2756, -0.7047 0.8957 0.3543, -0.7047 0.8957 -0.2756, -0.4764 0.8957 0.3543, -0.4764 0.8957 -0.2756, -0.5079 0.8957 0.3543, -0.5079 0.8957 -0.2756, -0.5472 0.8169 0.3268, -0.5472 0.8169 0.3543, -0.5472 0.8563 0.3543, -0.5472 -0.128 0.2756, -0.5472 -0.128 0.3268, -0.5472 0.4232 0.2756, -0.5472 0.4232 -0.2756, -0.5472 0.7776 -0.2756, -0.5472 0.8563 -0.2756, -0.6339 0.8563 -0.2756, -0.6339 0.8563 0.3543, -0.6339 0.8169 0.3268, -0.6339 0.8169 0.3543, -0.6339 -0.128 0.3268, -0.6339 0.4232 0.2756, -0.6339 -0.128 0.2756, -0.6339 0.7776 -0.2756, -0.6339 0.4232 -0.2756, -0.3504 0.8169 0.3268, -0.3504 0.8169 0.3543, -0.3504 0.8563 0.3543, -0.3504 -0.128 0.2756, -0.3504 -0.128 0.3268, -0.3504 0.4232 0.2756, -0.3504 0.4232 -0.2756, -0.3504 0.7776 -0.2756, -0.3504 0.8563 -0.2756, -0.437 0.8563 -0.2756, -0.437 0.8563 0.3543, -0.437 0.8169 0.3268, -0.437 0.8169 0.3543, -0.437 -0.128 0.3268, -0.437 0.4232 0.2756, -0.437 -0.128 0.2756, -0.437 0.7776 -0.2756, -0.437 0.4232 -0.2756, -0.7441 0.8169 0.3268, -0.7441 0.8169 0.3543, -0.7441 0.8563 0.3543, -0.7441 -0.128 0.2756, -0.7441 -0.128 0.3268, -0.7441 0.4232 0.2756, -0.7441 0.4232 -0.2756, -0.7441 0.7776 -0.2756, -0.7441 0.8563 -0.2756, -0.8307 0.8563 -0.2756, -0.8307 0.8563 0.3543, -0.8307 0.8169 0.3268, -0.8307 0.8169 0.3543, -0.8307 -0.128 0.3268, -0.8307 0.4232 0.2756, -0.8307 -0.128 0.2756, -0.8307 0.7776 -0.2756, -0.8307 0.4232 -0.2756, 0.0433 0.8169 0.3268, 0.0433 0.8169 0.3543, 0.0433 0.8563 0.3543, 0.0433 -0.128 0.2756, 0.0433 -0.128 0.3268, 0.0433 0.4232 0.2756, 0.0433 0.4232 -0.2756, 0.0433 0.7776 -0.2756, 0.0433 0.8563 -0.2756, -0.0433 0.8563 -0.2756, -0.0433 0.8563 0.3543, -0.0433 0.8169 0.3268, -0.0433 0.8169 0.3543, -0.0433 -0.128 0.3268, -0.0433 0.4232 0.2756, -0.0433 -0.128 0.2756, -0.0433 0.7776 -0.2756, -0.0433 0.4232 -0.2756, 0.0004 0.6091 0.3937, 0.0004 0.5382 0.3937, 0.0323 0.5382 0.3937, 0.9843 0.0098 0.3937, 1.1704 0.0098 0.3937, 1.1704 0.3696 0.3937, 0.1268 0.4018 0.3937, 0.1234 0.4014 0.3937, 0.1435 0.4014 0.3937, 0.2118 0.4821 0.3937, 0.2371 0.4821 0.3937, 0.2371 0.5049 0.3937, -0.1121 0.5467 0.3937, -0.0967 0.5336 0.3937, -0.0428 0.6098 0.3937, -0.0428 0.5284 0.3937, -0.188 0.6181 0.3937, -0.1757 0.6098 0.3937, -0.1627 0.601 0.3937, -0.1422 0.5768 0.3937, -0.1319 0.556 0.3937, -0.1291 0.5551 0.3937, -0.2401 0.6306 0.3937, -0.2166 0.6282 0.3937, -0.0428 0.7776 0.3937, -0.2644 0.628 0.3937, -1.9291 0.7776 0.3937, -0.2909 0.6188 0.3937, -0.3061 0.6098 0.3937, -1.9291 0.6098 0.3937, -0.3084 0.6084 0.3937, -0.3682 0.5819 0.3937, -0.3465 0.5845 0.3937, -0.3218 0.597 0.3937, -0.34 0.5841 0.3937, -0.3334 0.5834 0.3937, -0.412 0.5572 0.3937, -0.4076 0.5613 0.3937, -0.3894 0.5739 0.3937, -1.9291 0.5284 0.3937, -1.9291 0.5049 0.3937, -0.4373 0.5049 0.3937, -0.4346 0.5197 0.3937, -0.4307 0.5284 0.3937, -0.4254 0.5402 0.3937, -0.3775 0.4054 0.3937, -0.3979 0.4156 0.3937, -1.9291 0.4014 0.3937, -0.4148 0.4302 0.3937, -0.4282 0.4495 0.3937, -0.4362 0.4707 0.3937, -0.4388 0.4923 0.3937, -0.4386 0.4984 0.3937, -1.9291 0.3696 0.3937, -0.3388 0.3696 0.3937, -0.344 0.3719 0.3937, -0.3551 0.3802 0.3937, -0.3693 0.4029 0.3937, -0.3686 0.4014 0.3937, -0.3636 0.3907 0.3937, -0.0428 -0.1083 0.3937, -0.0428 0.3696 0.3937, -0.2916 0.3696 0.3937, -0.3015 0.3659 0.3937, -0.3152 0.3642 0.3937, -0.9843 -0.1083 0.3937, -1.9291 -0.8169 0.3937, -1.4173 -0.8169 0.3937, -1.4173 0.0098 0.3937, -0.9843 0.0098 0.3937, -0.3309 0.3663 0.3937, -0.3174 0.3642 0.3937, -0.0428 0.4014 0.3937, -0.2619 0.4014 0.3937, -0.2619 0.4012 0.3937, -0.2686 0.3885 0.3937, -0.2774 0.3786 0.3937, -0.2888 0.3708 0.3937, -0.0781 0.5 0.3937, -0.0756 0.4815 0.3937, -0.0428 0.5049 0.3937, -0.1892 0.435 0.3937, -0.1853 0.4365 0.3937, -0.1786 0.4689 0.3937, -0.0966 0.4274 0.3937, -0.1121 0.4143 0.3937, -0.2725 0.4593 0.3937, -0.1962 0.4991 0.3937, -0.2825 0.4683 0.3937, -0.2945 0.4748 0.3937, -0.1927 0.4325 0.3937, -0.0853 0.4431 0.3937, -0.1111 0.4859 0.3937, -0.1138 0.4968 0.3937, -0.1182 0.5049 0.3937, -0.4015 0.5049 0.3937, -0.0782 0.4611 0.3937, -0.1809 0.4371 0.3937, -0.1803 0.437 0.3937, -0.1786 0.4366 0.3937, -0.3981 0.4708 0.3937, -0.3913 0.4592 0.3937, -0.3624 0.4533 0.3937, -0.3811 0.4487 0.3937, -0.3687 0.441 0.3937, -0.3414 0.4721 0.3937, -0.353 0.4641 0.3937, -0.4029 0.4934 0.3937, -0.4022 0.4847 0.3937, -0.3288 0.4769 0.3937, -0.3152 0.4786 0.3937, -0.3083 0.4782 0.3937, -0.1985 0.4194 0.3937, -0.1984 0.4217 0.3937, -0.2583 0.4268 0.3937, -0.1972 0.426 0.3937, -0.195 0.4299 0.3937, -0.1224 0.4508 0.3937, -0.1161 0.4597 0.3937, -0.1122 0.4698 0.3937, -0.1108 0.4809 0.3937, -0.1852 0.4023 0.3937, -0.189 0.4038 0.3937, -0.1927 0.4064 0.3937, -0.194 0.4077 0.3937, -0.1965 0.4113 0.3937, -0.198 0.4152 0.3937, -0.2586 0.4152 0.3937, -0.2583 0.4211 0.3937, -0.1295 0.4058 0.3937, -0.1484 0.4018 0.3937, -0.182 0.4018 0.3937, -0.1775 0.4365 0.3937, -0.1518 0.4365 0.3937, -0.1416 0.4384 0.3937, -0.1316 0.4431 0.3937, -0.1232 0.45 0.3937, -0.1598 0.5253 0.3937, -0.3963 0.5199 0.3937, -0.4012 0.5072 0.3937, -0.1553 0.5253 0.3937, -0.1191 0.5066 0.3937, -0.1257 0.514 0.3937, -0.1345 0.5201 0.3937, -0.1444 0.524 0.3937, -0.172 0.5595 0.3937, -0.1849 0.5748 0.3937, -0.3158 0.5418 0.3937, -0.1864 0.5762 0.3937, -0.2024 0.5873 0.3937, -0.3071 0.5598 0.3937, -0.3904 0.5284 0.3937, -0.3199 0.5441 0.3937, -0.1605 0.5284 0.3937, -0.1633 0.5411 0.3937, -0.3327 0.5487 0.3937, -0.346 0.5503 0.3937, -0.3518 0.55 0.3937, -0.2943 0.5751 0.3937, -0.2202 0.5941 0.3937, -0.279 0.5862 0.3937, -0.2395 0.5965 0.3937, -0.2604 0.5938 0.3937, -0.3659 0.5467 0.3937, -0.3786 0.54 0.3937, -0.3884 0.5312 0.3937, -0.093 0.5284 0.3937, -0.0851 0.5174 0.3937, -0.0801 0.5049 0.3937, 0.2548 0.4112 0.3937, 0.2548 0.402 0.3937, 0.2624 0.4014 0.3937, 0.2624 0.5049 0.3937, 0.253 0.4821 0.3937, 0.253 0.4729 0.3937, 0.2221 0.4381 0.3937, 0.2221 0.4112 0.3937, 0.2371 0.4381 0.3937, 0.2371 0.4112 0.3937, 0.2507 0.4381 0.3937, 0.2507 0.4473 0.3937, 0.2221 0.4729 0.3937, 0.2221 0.4473 0.3937, 0.2371 0.4729 0.3937, 0.2371 0.4473 0.3937, 0.2371 0.4014 0.3937, 0.2371 0.402 0.3937, 0.2118 0.402 0.3937, 0.1722 0.4162 0.3937, 0.1735 0.4115 0.3937, 0.1737 0.4115 0.3937, 0.201 0.4592 0.3937, 0.1621 0.5049 0.3937, 0.1906 0.4592 0.3937, 0.1621 0.4453 0.3937, 0.175 0.4162 0.3937, 0.1742 0.4135 0.3937, 0.1023 0.4438 0.3937, 0.1027 0.4474 0.3937, 0.0921 0.5049 0.3937, 0.1038 0.4368 0.3937, 0.1027 0.4399 0.3937, 0.1022 0.4144 0.3937, 0.1065 0.4118 0.3937, 0.1069 0.4117 0.3937, 0.1069 0.433 0.3937, 0.1051 0.4348 0.3937, 0.1068 0.433 0.3937, 0.1112 0.4014 0.3937, 0.1093 0.4016 0.3937, 0.1069 0.4014 0.3937, 0.1069 0.4024 0.3937, 0.0921 0.4014 0.3937, 0.1022 0.404 0.3937, 0.1381 0.458 0.3937, 0.1381 0.4483 0.3937, 0.1087 0.456 0.3937, 0.1112 0.4575 0.3937, 0.1069 0.5049 0.3937, 0.1351 0.4292 0.3937, 0.1375 0.4271 0.3937, 0.1039 0.4506 0.3937, 0.1057 0.4533 0.3937, 0.1069 0.4543 0.3937, 0.1404 0.4136 0.3937, 0.1391 0.4104 0.3937, 0.1373 0.4077 0.3937, 0.1166 0.4596 0.3937, 0.1246 0.4605 0.3937, 0.1435 0.5049 0.3937, 0.1316 0.4599 0.3937, 0.1394 0.4243 0.3937, 0.1404 0.4213 0.3937, 0.1409 0.4176 0.3937, 0.1159 0.4385 0.3937, 0.1246 0.4345 0.3937, 0.1236 0.4524 0.3937, 0.1344 0.4052 0.3937, 0.1321 0.4038 0.3937, 0.1284 0.4329 0.3937, 0.1354 0.4498 0.3937, 0.1297 0.4518 0.3937, 0.1206 0.4522 0.3937, 0.1179 0.4515 0.3937, 0.1126 0.4447 0.3937, 0.1157 0.4503 0.3937, 0.1127 0.4434 0.3937, 0.1131 0.4418 0.3937, 0.1138 0.4405 0.3937, 0.1148 0.4394 0.3937, 0.1142 0.4489 0.3937, 0.1133 0.4477 0.3937, 0.1128 0.4463 0.3937, 0.1129 0.4095 0.3937, 0.1175 0.4272 0.3937, 0.1115 0.4299 0.3937, 0.1187 0.4089 0.3937, 0.1192 0.4089 0.3937, 0.1241 0.4244 0.3937, 0.1243 0.4095 0.3937, 0.1306 0.4166 0.3937, 0.1305 0.4179 0.3937, 0.1269 0.4104 0.3937, 0.1278 0.411 0.3937, 0.129 0.412 0.3937, 0.1298 0.4133 0.3937, 0.1303 0.4147 0.3937, 0.13 0.4194 0.3937, 0.1292 0.4208 0.3937, 0.128 0.4221 0.3937, 0.3374 0.5284 0.3937, 0.3114 0.5291 0.3937, 0.2999 0.5291 0.3937, 0.2918 0.551 0.3937, 0.2624 0.551 0.3937, 0.2624 0.5284 0.3937, 0.2809 0.6091 0.3937, 0.3374 0.6098 0.3937, 0.2624 0.6098 0.3937, 0.2584 0.551 0.3937, 0.2507 0.5291 0.3937, 0.2371 0.5284 0.3937, 0.2393 0.5291 0.3937, 0.2371 0.6098 0.3937, 0.2624 0.5897 0.3937, 0.2698 0.6091 0.3937, 0.1621 0.6098 0.3937, 0.1435 0.6098 0.3937, 0.1527 0.6091 0.3937, 0.1435 0.6091 0.3937, 0.1218 0.5651 0.3937, 0.1218 0.5382 0.3937, 0.1435 0.5651 0.3937, 0.1435 0.5382 0.3937, 0.1505 0.5651 0.3937, 0.1546 0.5382 0.3937, 0.1505 0.5743 0.3937, 0.1527 0.5999 0.3937, 0.1435 0.5743 0.3937, 0.1435 0.5999 0.3937, 0.1218 0.5743 0.3937, 0.1218 0.5999 0.3937, 0.1115 0.5291 0.3937, 0.1069 0.5284 0.3937, 0.1435 0.5284 0.3937, 0.1621 0.5284 0.3937, 0.1546 0.5291 0.3937, 0.1435 0.5291 0.3937, 0.1115 0.6091 0.3937, 0.1069 0.6098 0.3937, 1.4173 -0.8169 0.3937, 1.9291 -0.8169 0.3937, 1.4173 0.0098 0.3937, 1.9291 0.3696 0.3937, 0.2624 -0.1083 0.3937, 0.3374 -0.1083 0.3937, 0.3374 0.3696 0.3937, 0.9843 -0.1083 0.3937, 0.2624 0.3696 0.3937, 0.2371 -0.1083 0.3937, 0.2371 0.3696 0.3937, 0.1621 -0.1083 0.3937, 0.1621 0.3696 0.3937, 0.1435 -0.1083 0.3937, 0.1435 0.3696 0.3937, 0.1069 -0.1083 0.3937, 0.1069 0.3696 0.3937, 0.0921 -0.1083 0.3937, 0.0921 0.3696 0.3937, 0.0921 0.6098 0.3937, 0.0921 0.6082 0.3937, 0.0955 0.6072 0.3937, 0.0955 0.5964 0.3937, 0.0865 0.6 0.3937, 0.0766 0.6012 0.3937, 0.0921 0.5408 0.3937, 0.0955 0.5423 0.3937, 0.0946 0.5969 0.3937, 0.0921 0.5978 0.3937, 0.0725 0.6009 0.3937, 0.0656 0.5994 0.3937, 0.0594 0.5962 0.3937, 0.0548 0.5923 0.3937, 0.0543 0.5917 0.3937, 0.0504 0.5861 0.3937, 0.0477 0.5792 0.3937, 0.0464 0.5682 0.3937, 0.0465 0.5641 0.3937, 0.048 0.5564 0.3937, 0.0785 0.5371 0.3937, 0.0876 0.5388 0.3937, 0.0611 0.5401 0.3937, 0.0668 0.5379 0.3937, 0.0748 0.5369 0.3937, 0.0507 0.5501 0.3937, 0.0542 0.5454 0.3937, 0.0558 0.5438 0.3937, 0.0765 0.6105 0.3937, 0.0851 0.6098 0.3937, 0.087 0.6097 0.3937, 0.0765 0.6105 0.3937, 0.0921 0.7776 0.3937, 0.071 0.6098 0.3937, 0.0391 0.7776 0.3937, 0.0391 0.6098 0.3937, 0.0413 0.5911 0.3937, 0.0471 0.5987 0.3937, 0.049 0.6006 0.3937, 0.0565 0.6058 0.3937, 0.0649 0.6091 0.3937, 0.0343 0.6098 0.3937, 0.0375 0.5822 0.3937, 0.0391 0.586 0.3937, 0.0391 0.5494 0.3937, 0.0371 0.5545 0.3937, 0.0343 0.5284 0.3937, 0.0355 0.5676 0.3937, 0.0357 0.5718 0.3937, 0.0598 0.5297 0.3937, 0.0522 0.5333 0.3937, 0.0391 0.5284 0.3937, 0.0458 0.5386 0.3937, 0.0452 0.5393 0.3937, 0.0404 0.5462 0.3937, 0.0663 0.5284 0.3937, 0.0391 0.5049 0.3937, 0.0685 0.5279 0.3937, 0.0733 0.5277 0.3937, 0.0804 0.5284 0.3937, 0.0955 0.5324 0.3937, 0.0941 0.5317 0.3937, 0.0921 0.5284 0.3937, 0.0921 0.531 0.3937, 0.0855 0.5289 0.3937, 0.0464 0.4289 0.3937, 0.0483 0.4455 0.3937, 0.0444 0.4257 0.3937, 0.0431 0.422 0.3937, 0.0886 0.402 0.3937, 0.0786 0.402 0.3937, 0.0704 0.452 0.3937, 0.067 0.4524 0.3937, 0.0617 0.436 0.3937, 0.0877 0.4472 0.3937, 0.0886 0.4388 0.3937, 0.0494 0.4317 0.3937, 0.0534 0.4339 0.3937, 0.0552 0.4498 0.3937, 0.0615 0.4519 0.3937, 0.051 0.4028 0.3937, 0.0476 0.4052 0.3937, 0.0391 0.4014 0.3937, 0.0465 0.4063 0.3937, 0.0444 0.4094 0.3937, 0.0786 0.4109 0.3937, 0.0783 0.4109 0.3937, 0.0763 0.4079 0.3937, 0.073 0.4046 0.3937, 0.0432 0.4128 0.3937, 0.0427 0.4174 0.3937, 0.0483 0.4552 0.3937, 0.0748 0.4598 0.3937, 0.0789 0.4584 0.3937, 0.0821 0.4564 0.3937, 0.0786 0.4384 0.3937, 0.0783 0.4428 0.3937, 0.0772 0.4464 0.3937, 0.076 0.4485 0.3937, 0.0839 0.4547 0.3937, 0.086 0.4515 0.3937, 0.0503 0.4564 0.3937, 0.0578 0.4593 0.3937, 0.068 0.4605 0.3937, 0.0745 0.4501 0.3937, 0.0728 0.4512 0.3937, 0.0664 0.4014 0.3937, 0.0663 0.4013 0.3937, 0.0391 0.3696 0.3937, 0.0391 -0.1083 0.3937, 0.0608 0.4007 0.3937, 0.055 0.4014 0.3937, 0.0548 0.4014 0.3937, 0.1621 0.4014 0.3937, 0.1621 0.4184 0.3937, 0.1461 0.4592 0.3937, 0.1573 0.4592 0.3937, 0.1685 0.4022 0.3937, 0.1682 0.4014 0.3937, 0.1641 0.3918 0.3937, 0.1481 0.3759 0.3937, 0.1481 0.3848 0.3937, 0.1602 0.386 0.3937, 0.1621 0.3881 0.3937, 0.1621 0.3882 0.3937, 0.1177 0.4007 0.3937, 0.1502 0.3842 0.3937, 0.1538 0.3837 0.3937, 0.1621 0.3769 0.3937, 0.1587 0.3756 0.3937, 0.1546 0.3751 0.3937, 0.1524 0.3752 0.3937, 0.1564 0.384 0.3937, 0.1586 0.3849 0.3937, 0.175 0.3934 0.3937, 0.1705 0.3846 0.3937, 0.1782 0.4014 0.3937, 0.1668 0.3802 0.3937, 0.1661 0.3795 0.3937, 0.1626 0.3771 0.3937, 0.0703 0.4028 0.3937, 1.1704 0.4014 0.3937, 0.3374 0.4014 0.3937, -0.01 0.4821 0.3937, -0.01 0.402 0.3937, 0.0343 0.4014 0.3937, 0.0343 0.3696 0.3937, 0.0343 -0.1083 0.3937, 0.0313 0.4821 0.3937, 0.0343 0.5049 0.3937, 0.0313 0.4729 0.3937, 0.0331 0.4112 0.3937, 0.0331 0.402 0.3937, 0.0004 0.4381 0.3937, 0.0004 0.4112 0.3937, 0.029 0.4381 0.3937, 0.029 0.4473 0.3937, 0.0004 0.4473 0.3937, 0.0004 0.4729 0.3937, 0.27 0.402 0.3937, 0.333 0.4286 0.3937, 0.329 0.4203 0.3937, 0.3231 0.4133 0.3937, 0.3308 0.4618 0.3937, 0.3338 0.4542 0.3937, 0.3374 0.5049 0.3937, 0.3352 0.4431 0.3937, 0.3349 0.438 0.3937, 0.3147 0.4073 0.3937, 0.3056 0.4037 0.3937, 0.292 0.402 0.3937, 0.27 0.4821 0.3937, 0.2928 0.4821 0.3937, 0.305 0.4808 0.3937, 0.3147 0.4772 0.3937, 0.3231 0.4715 0.3937, 0.3259 0.4688 0.3937, 0.351 0.402 0.3937, 0.3396 0.402 0.3937, 0.4002 0.402 0.3937, 0.3921 0.4239 0.3937, 0.3587 0.4239 0.3937, 0.3701 0.4821 0.3937, 0.3811 0.4821 0.3937, -0.01 0.5291 0.3937, -0.01 0.6091 0.3937, 0.0323 0.5291 0.3937, 0.2306 0.5888 0.3937, 0.2335 0.5812 0.3937, 0.2349 0.5701 0.3937, 0.2346 0.565 0.3937, 0.2327 0.5557 0.3937, 0.2288 0.5474 0.3937, 0.2228 0.5403 0.3937, 0.2145 0.5343 0.3937, 0.1925 0.6091 0.3937, 0.2048 0.6078 0.3937, 0.2144 0.6043 0.3937, 0.2053 0.5307 0.3937, 0.1917 0.5291 0.3937, 0.1697 0.5291 0.3937, 0.1697 0.6091 0.3937, 0.2228 0.5985 0.3937, 0.2256 0.5958 0.3937, 0.4116 0.402 0.3937, 1.1704 0.5049 0.3937, 1.1704 0.5284 0.3937, 1.1704 0.6098 0.3937, 1.9291 0.4014 0.3937, 1.9291 0.5049 0.3937, 1.9291 0.5284 0.3937, 1.9291 0.6098 0.3937, 0.0343 0.7776 0.3937, 1.9291 0.7776 0.3937, 1.1704 0.7776 0.3937, 0.3374 0.7776 0.3937, 0.2624 0.7776 0.3937, 0.2371 0.7776 0.3937, 0.1621 0.7776 0.3937, 0.1435 0.7776 0.3937, 0.1069 0.7776 0.3937, 1.2795 -0.6791 -0.1969, 1.3583 -0.6791 -0.1969, 1.2795 -0.6791 -0.2953, 1.3583 -0.6791 -0.2559, 1.3596 -0.6791 -0.2661, 1.3976 -0.6791 -0.2953, 1.3874 -0.6791 -0.2939, 1.378 -0.6791 -0.29, 1.3635 -0.6791 -0.2756, 1.3698 -0.6791 -0.2837, -1.3976 -0.6791 -0.2953, -1.3874 -0.6791 -0.2939, -1.2795 -0.6791 -0.2953, -1.378 -0.6791 -0.29, -1.3698 -0.6791 -0.2837, -1.3583 -0.6791 -0.1969, -1.2795 -0.6791 -0.1969, -1.3583 -0.6791 -0.2559, -1.3635 -0.6791 -0.2756, -1.3596 -0.6791 -0.2661, -1.3596 -0.6791 -0.2661
            ]
        }
        coordIndex [
            0,1,2,-1,2,1,3,-1,4,5,6,-1,6,5,7,-1,8,9,10,-1,11,12,13,-1,13,12,8,-1,14,13,15,-1,15,13,8,-1,15,8,16,-1,16,8,10,-1,17,18,19,-1,19,18,20,-1,19,21,22,-1,22,21,23,-1,17,19,24,-1,24,19,22,-1,24,22,25,-1,9,8,20,-1,20,8,19,-1,6,7,10,-1,10,7,16,-1,18,17,0,-1,0,17,1,-1,26,27,28,-1,28,27,29,-1,30,31,32,-1,33,34,35,-1,35,34,30,-1,36,35,37,-1,37,35,30,-1,37,30,38,-1,38,30,32,-1,39,40,41,-1,41,40,42,-1,41,43,44,-1,44,43,45,-1,39,41,46,-1,46,41,44,-1,46,44,47,-1,31,30,42,-1,42,30,41,-1,28,29,32,-1,32,29,38,-1,40,39,4,-1,4,39,5,-1,48,49,50,-1,50,49,51,-1,52,53,48,-1,51,49,54,-1,54,49,55,-1,54,55,56,-1,57,58,59,-1,59,52,57,-1,57,52,48,-1,57,48,60,-1,60,48,50,-1,60,50,61,-1,61,50,56,-1,61,56,62,-1,55,63,56,-1,56,63,64,-1,56,64,65,-1,65,66,56,-1,56,66,67,-1,56,67,62,-1,68,69,70,-1,70,69,71,-1,72,73,74,-1,75,76,77,-1,77,76,72,-1,78,77,79,-1,79,77,72,-1,79,72,80,-1,80,72,74,-1,81,82,83,-1,83,82,84,-1,83,85,86,-1,86,85,87,-1,81,83,88,-1,88,83,86,-1,88,86,89,-1,73,72,84,-1,84,72,83,-1,48,53,74,-1,74,53,80,-1,82,81,68,-1,68,81,69,-1,90,91,92,-1,93,94,95,-1,95,94,90,-1,96,95,97,-1,97,95,90,-1,97,90,98,-1,98,90,92,-1,99,100,101,-1,101,100,102,-1,101,103,104,-1,104,103,105,-1,99,101,106,-1,106,101,104,-1,106,104,107,-1,91,90,102,-1,102,90,101,-1,70,71,92,-1,92,71,98,-1,100,99,26,-1,26,99,27,-1,108,109,110,-1,110,109,111,-1,112,113,114,-1,114,113,115,-1,116,117,118,-1,119,120,121,-1,121,120,116,-1,122,121,123,-1,123,121,116,-1,123,116,124,-1,124,116,118,-1,125,126,127,-1,127,126,128,-1,127,129,130,-1,130,129,131,-1,125,127,132,-1,132,127,130,-1,132,130,133,-1,117,116,128,-1,128,116,127,-1,114,115,118,-1,118,115,124,-1,126,125,108,-1,108,125,109,-1,134,135,136,-1,136,135,137,-1,136,137,138,-1,138,137,139,-1,138,139,140,-1,140,139,141,-1,140,141,142,-1,143,144,145,-1,145,144,146,-1,147,148,141,-1,149,145,134,-1,134,145,146,-1,134,146,135,-1,135,146,150,-1,135,150,141,-1,141,150,151,-1,141,151,147,-1,148,152,141,-1,141,152,153,-1,141,153,142,-1,154,155,156,-1,156,155,157,-1,158,159,160,-1,160,159,161,-1,162,163,164,-1,165,166,167,-1,167,166,162,-1,168,167,169,-1,169,167,162,-1,169,162,170,-1,170,162,164,-1,171,172,173,-1,173,172,174,-1,173,175,176,-1,176,175,177,-1,171,173,178,-1,178,173,176,-1,178,176,179,-1,163,162,174,-1,174,162,173,-1,160,161,164,-1,164,161,170,-1,172,171,154,-1,154,171,155,-1,180,181,182,-1,183,184,185,-1,185,184,180,-1,186,185,187,-1,187,185,180,-1,187,180,188,-1,188,180,182,-1,189,190,191,-1,191,190,192,-1,191,193,194,-1,194,193,195,-1,189,191,196,-1,196,191,194,-1,196,194,197,-1,181,180,192,-1,192,180,191,-1,110,111,182,-1,182,111,188,-1,190,189,158,-1,158,189,159,-1,198,199,200,-1,201,202,203,-1,203,202,198,-1,204,203,205,-1,205,203,198,-1,205,198,206,-1,206,198,200,-1,207,208,209,-1,209,208,210,-1,209,211,212,-1,212,211,213,-1,207,209,214,-1,214,209,212,-1,214,212,215,-1,199,198,210,-1,210,198,209,-1,156,157,200,-1,200,157,206,-1,208,207,134,-1,134,207,149,-1,216,217,218,-1,219,220,221,-1,221,220,216,-1,222,221,223,-1,223,221,216,-1,223,216,224,-1,224,216,218,-1,225,226,227,-1,227,226,228,-1,227,229,230,-1,230,229,231,-1,225,227,232,-1,232,227,230,-1,232,230,233,-1,217,216,228,-1,228,216,227,-1,2,3,218,-1,218,3,224,-1,226,225,112,-1,112,225,113,-1,234,235,236,-1,237,238,239,-1,240,241,242,-1,243,244,245,-1,246,247,248,-1,248,247,249,-1,250,251,248,-1,248,251,252,-1,248,252,253,-1,253,254,248,-1,248,254,255,-1,248,255,246,-1,256,257,258,-1,256,258,259,-1,259,258,260,-1,259,260,261,-1,261,260,262,-1,262,260,263,-1,262,263,264,-1,263,265,264,-1,264,265,266,-1,264,266,267,-1,267,266,268,-1,267,268,269,-1,270,271,263,-1,263,271,272,-1,263,272,265,-1,273,274,275,-1,275,276,273,-1,273,276,277,-1,273,277,263,-1,263,277,278,-1,263,278,270,-1,279,280,281,-1,281,280,282,-1,281,282,283,-1,283,284,281,-1,281,284,285,-1,281,285,274,-1,274,285,286,-1,274,286,275,-1,287,288,281,-1,281,288,289,-1,281,289,290,-1,291,279,292,-1,292,279,281,-1,292,281,293,-1,293,281,290,-1,294,295,296,-1,296,297,294,-1,294,297,298,-1,294,298,299,-1,300,301,287,-1,287,301,302,-1,287,302,288,-1,288,302,303,-1,288,303,304,-1,304,303,299,-1,304,299,305,-1,305,299,298,-1,306,307,295,-1,295,307,308,-1,295,308,309,-1,309,310,295,-1,295,310,311,-1,295,311,296,-1,312,313,314,-1,315,316,317,-1,318,319,306,-1,320,321,322,-1,322,321,323,-1,315,317,324,-1,318,306,325,-1,326,327,321,-1,321,327,328,-1,321,328,329,-1,314,313,306,-1,306,313,330,-1,306,330,325,-1,316,331,317,-1,317,331,332,-1,317,332,333,-1,334,335,336,-1,336,335,337,-1,336,337,338,-1,339,329,340,-1,340,329,341,-1,340,341,336,-1,336,341,342,-1,336,342,334,-1,339,343,329,-1,329,343,344,-1,329,344,321,-1,321,344,345,-1,321,345,323,-1,346,347,348,-1,348,347,349,-1,348,349,317,-1,317,349,350,-1,317,350,324,-1,351,352,317,-1,317,352,353,-1,317,353,321,-1,321,353,354,-1,321,354,326,-1,355,356,307,-1,307,356,357,-1,307,357,358,-1,358,359,307,-1,307,359,360,-1,307,360,361,-1,361,360,346,-1,361,346,362,-1,362,346,348,-1,319,363,306,-1,306,363,364,-1,306,364,307,-1,307,364,365,-1,307,365,355,-1,333,366,317,-1,317,366,367,-1,317,367,368,-1,368,369,317,-1,317,369,370,-1,317,370,351,-1,371,372,373,-1,373,329,371,-1,371,329,328,-1,371,328,374,-1,374,328,375,-1,375,376,374,-1,374,376,377,-1,374,377,378,-1,379,380,381,-1,380,382,381,-1,381,382,383,-1,381,383,384,-1,385,381,386,-1,372,371,385,-1,385,371,387,-1,385,387,381,-1,381,387,388,-1,381,388,379,-1,386,389,385,-1,385,389,390,-1,385,390,391,-1,384,383,392,-1,392,383,393,-1,392,393,394,-1,394,393,395,-1,394,395,396,-1,397,398,391,-1,391,398,399,-1,391,399,385,-1,247,400,249,-1,249,400,401,-1,249,401,314,-1,314,401,402,-1,314,402,312,-1,403,404,405,-1,245,244,406,-1,406,244,407,-1,406,407,408,-1,409,410,411,-1,411,410,412,-1,411,412,413,-1,413,412,403,-1,413,403,414,-1,415,416,417,-1,417,416,418,-1,417,418,408,-1,405,404,419,-1,419,404,420,-1,419,420,421,-1,422,423,424,-1,425,426,427,-1,427,426,428,-1,427,428,429,-1,429,428,422,-1,429,422,430,-1,430,422,424,-1,431,432,433,-1,434,435,436,-1,437,438,439,-1,434,436,440,-1,437,439,436,-1,436,439,441,-1,436,441,440,-1,442,443,444,-1,444,443,445,-1,444,445,446,-1,446,445,447,-1,446,447,436,-1,448,449,242,-1,450,451,452,-1,453,454,449,-1,432,455,433,-1,433,455,456,-1,433,456,452,-1,452,456,457,-1,452,457,450,-1,458,459,242,-1,242,459,460,-1,451,461,452,-1,452,461,462,-1,452,462,463,-1,463,462,464,-1,463,464,448,-1,454,465,449,-1,449,465,466,-1,449,466,242,-1,242,466,467,-1,242,467,458,-1,468,469,470,-1,460,471,242,-1,242,471,472,-1,242,472,240,-1,453,449,473,-1,473,449,474,-1,473,474,469,-1,469,474,475,-1,469,475,470,-1,476,477,478,-1,478,477,479,-1,476,478,470,-1,470,478,480,-1,470,480,481,-1,481,482,470,-1,470,482,483,-1,470,483,468,-1,484,485,479,-1,479,485,486,-1,479,486,478,-1,487,488,438,-1,438,488,489,-1,438,489,439,-1,487,490,488,-1,488,490,491,-1,488,491,492,-1,492,491,493,-1,492,494,495,-1,493,496,492,-1,492,496,497,-1,492,497,498,-1,498,499,492,-1,492,499,500,-1,492,500,494,-1,495,501,492,-1,492,501,502,-1,492,502,503,-1,504,505,506,-1,507,508,506,-1,506,508,509,-1,506,509,504,-1,505,504,510,-1,510,504,511,-1,510,511,512,-1,508,513,509,-1,509,513,514,-1,509,514,515,-1,515,514,516,-1,515,516,517,-1,517,516,518,-1,517,518,512,-1,512,518,519,-1,512,519,510,-1,520,521,522,-1,522,521,523,-1,524,525,526,-1,526,525,527,-1,526,527,528,-1,528,527,529,-1,528,529,530,-1,530,529,531,-1,530,531,532,-1,532,531,533,-1,532,533,534,-1,534,533,535,-1,536,537,538,-1,522,531,520,-1,520,531,529,-1,520,529,539,-1,539,529,540,-1,539,540,538,-1,538,540,541,-1,538,541,536,-1,523,521,542,-1,542,521,543,-1,542,543,536,-1,544,545,546,-1,546,545,547,-1,546,547,238,-1,548,549,550,-1,550,549,551,-1,550,551,237,-1,548,552,553,-1,553,552,554,-1,553,554,555,-1,555,554,556,-1,555,556,557,-1,557,556,558,-1,557,558,559,-1,559,558,560,-1,559,560,561,-1,561,560,562,-1,563,564,543,-1,543,564,565,-1,543,565,566,-1,567,568,569,-1,536,543,537,-1,537,543,566,-1,537,566,570,-1,570,566,571,-1,570,571,569,-1,569,571,572,-1,569,572,567,-1,568,573,569,-1,569,573,574,-1,569,574,575,-1,575,576,569,-1,569,576,577,-1,569,577,578,-1,578,579,569,-1,569,579,580,-1,569,580,581,-1,582,583,581,-1,581,583,584,-1,581,584,569,-1,585,586,587,-1,582,588,583,-1,583,588,589,-1,583,589,587,-1,587,589,590,-1,587,590,585,-1,591,592,563,-1,563,592,593,-1,563,593,564,-1,594,595,596,-1,596,595,597,-1,598,599,600,-1,600,601,598,-1,598,601,602,-1,598,602,603,-1,604,605,598,-1,598,605,606,-1,598,606,599,-1,607,608,609,-1,609,608,610,-1,609,610,604,-1,604,610,611,-1,604,611,605,-1,612,613,614,-1,614,613,615,-1,615,616,614,-1,614,616,617,-1,614,617,607,-1,612,614,618,-1,618,614,619,-1,618,619,620,-1,620,619,621,-1,621,619,433,-1,621,433,622,-1,570,623,537,-1,537,623,624,-1,537,624,625,-1,625,624,626,-1,625,626,627,-1,628,629,630,-1,630,629,631,-1,446,632,633,-1,634,635,636,-1,433,637,638,-1,628,639,629,-1,629,639,640,-1,629,640,641,-1,641,640,636,-1,641,636,642,-1,642,636,635,-1,435,431,436,-1,436,431,433,-1,436,433,446,-1,446,433,638,-1,446,638,632,-1,643,644,645,-1,645,644,646,-1,645,646,647,-1,648,649,633,-1,633,649,650,-1,633,650,651,-1,647,652,645,-1,645,652,653,-1,645,653,619,-1,619,653,631,-1,619,631,654,-1,654,631,629,-1,655,656,433,-1,433,656,657,-1,658,659,636,-1,636,659,660,-1,636,660,661,-1,657,662,433,-1,433,662,663,-1,433,663,637,-1,654,664,619,-1,619,664,665,-1,619,665,433,-1,433,665,666,-1,433,666,655,-1,661,667,636,-1,636,667,668,-1,636,668,634,-1,669,670,562,-1,670,671,562,-1,562,671,672,-1,562,672,561,-1,670,673,671,-1,671,673,674,-1,671,674,645,-1,645,674,675,-1,645,675,643,-1,676,677,242,-1,242,677,678,-1,448,242,463,-1,463,242,678,-1,463,678,426,-1,426,678,679,-1,426,679,428,-1,680,677,681,-1,681,677,676,-1,681,676,682,-1,558,683,684,-1,685,686,676,-1,676,686,687,-1,676,687,682,-1,688,560,241,-1,241,560,558,-1,241,558,242,-1,242,558,684,-1,242,684,676,-1,676,684,689,-1,676,689,690,-1,691,692,556,-1,556,692,693,-1,556,693,558,-1,558,693,694,-1,558,694,683,-1,690,695,676,-1,676,695,696,-1,676,696,685,-1,697,698,554,-1,697,554,699,-1,698,700,554,-1,554,700,701,-1,554,701,556,-1,556,701,702,-1,556,702,691,-1,688,442,560,-1,560,442,444,-1,560,444,562,-1,562,444,446,-1,562,446,669,-1,669,446,633,-1,669,633,703,-1,703,633,651,-1,552,405,554,-1,554,405,419,-1,554,419,699,-1,699,419,421,-1,699,421,425,-1,425,421,243,-1,425,243,426,-1,426,243,245,-1,237,239,550,-1,550,239,704,-1,550,704,705,-1,706,314,707,-1,707,314,306,-1,707,306,708,-1,708,306,295,-1,708,295,709,-1,709,295,294,-1,709,294,710,-1,706,711,712,-1,711,713,712,-1,712,713,714,-1,712,714,708,-1,708,714,715,-1,708,715,707,-1,716,717,718,-1,718,717,714,-1,718,714,719,-1,719,714,713,-1,719,713,720,-1,720,713,721,-1,418,414,408,-1,408,414,403,-1,408,403,406,-1,406,403,405,-1,406,405,722,-1,723,724,705,-1,705,724,725,-1,726,727,728,-1,728,727,729,-1,728,729,705,-1,705,729,730,-1,705,730,723,-1,725,731,705,-1,705,731,732,-1,705,732,733,-1,548,550,552,-1,552,550,705,-1,552,705,405,-1,405,705,733,-1,405,733,722,-1,722,734,406,-1,406,734,735,-1,406,735,728,-1,728,735,736,-1,728,736,737,-1,737,738,728,-1,728,738,739,-1,728,739,726,-1,740,741,705,-1,742,743,744,-1,705,741,728,-1,728,741,745,-1,728,745,746,-1,607,609,614,-1,614,609,712,-1,614,712,619,-1,619,712,708,-1,619,708,645,-1,645,708,709,-1,645,709,671,-1,671,709,710,-1,671,710,672,-1,728,504,406,-1,406,504,509,-1,406,509,245,-1,245,509,515,-1,245,515,426,-1,426,515,539,-1,426,539,463,-1,463,539,538,-1,463,538,452,-1,452,538,537,-1,452,537,433,-1,433,537,625,-1,433,625,622,-1,622,625,627,-1,706,712,314,-1,314,712,609,-1,314,609,249,-1,249,609,747,-1,249,747,248,-1,747,748,248,-1,248,748,234,-1,248,234,604,-1,604,234,236,-1,604,236,609,-1,609,236,749,-1,609,749,747,-1,750,751,517,-1,517,751,752,-1,517,752,515,-1,515,752,753,-1,515,753,754,-1,754,755,515,-1,515,755,756,-1,515,756,757,-1,520,758,517,-1,517,758,759,-1,517,759,760,-1,757,761,515,-1,515,761,762,-1,515,762,539,-1,539,762,763,-1,539,763,520,-1,520,763,764,-1,520,764,758,-1,760,765,517,-1,517,765,766,-1,517,766,750,-1,744,740,742,-1,742,740,705,-1,742,705,767,-1,767,705,704,-1,767,704,746,-1,746,704,768,-1,746,768,728,-1,728,768,769,-1,728,769,504,-1,504,769,770,-1,504,770,511,-1,238,547,239,-1,239,547,771,-1,239,771,704,-1,704,771,772,-1,704,772,768,-1,768,772,773,-1,768,773,769,-1,769,773,774,-1,769,774,770,-1,603,596,598,-1,598,596,597,-1,598,597,604,-1,604,597,775,-1,604,775,248,-1,248,775,258,-1,248,258,250,-1,250,258,257,-1,774,776,770,-1,770,776,777,-1,770,777,511,-1,511,777,778,-1,511,778,512,-1,512,778,779,-1,512,779,517,-1,517,779,780,-1,517,780,520,-1,520,780,781,-1,520,781,521,-1,521,781,782,-1,521,782,543,-1,543,782,783,-1,543,783,563,-1,563,783,595,-1,563,595,591,-1,591,595,594,-1,784,785,786,-1,786,785,787,-1,786,787,788,-1,789,786,790,-1,790,786,791,-1,788,792,786,-1,786,792,793,-1,786,793,791,-1,794,795,796,-1,796,795,797,-1,796,797,798,-1,799,800,801,-1,801,800,796,-1,798,802,796,-1,796,802,803,-1,796,803,801,-1,
        ]
    }
}
Shape{
    appearance Appearance {
        material  Material 	{
            diffuseColor 1.0 1.0 1.0
            specularColor 0.8784313725490196 0.8784313725490196 0.8784313725490196
            ambientIntensity 0.2
            transparency 0
            shininess 0.5
        }
    }
    geometry IndexedFaceSet {
        ccw TRUE
        solid FALSE
        coord DEF co Coordinate {
            point [
                0.1535 -0.128 0.3268, 0.1535 0.8169 0.3268, 0.2402 -0.128 0.3268, 0.2402 0.8169 0.3268, 0.2402 0.8169 0.3268
            ]
        }
        coordIndex [
            0,1,2,-1,2,1,3,-1,
        ]
    }
}
Shape{
    appearance Appearance {
        material  Material 	{
            diffuseColor 0.996078431372549 0.8705882352941177 0.7607843137254902
            specularColor 0.4980392156862745 0.43529411764705883 0.3803921568627451
            ambientIntensity 0.2
            transparency 0
            shininess 0.5
        }
    }
    geometry IndexedFaceSet {
        ccw TRUE
        solid FALSE
        coord DEF co Coordinate {
            point [
                0.0433 -0.128 0.2756, 0.0433 0.4232 0.2756, 0.1535 -0.128 0.2756, 0.1535 0.4232 0.2756, 0.2559 -0.8366 -0.2756, 0.2559 0.4232 -0.2756, 0.1378 -0.8366 -0.2756, 0.2402 0.4232 -0.2756, 0.1378 0.4232 -0.2756, 0.1535 0.4232 -0.2756, 0.1535 0.7776 -0.2756, 0.2402 0.7776 -0.2756, -1.3976 -0.8366 0.374, -1.9488 -0.8366 0.374, -1.3976 -0.8366 -0.1969, -1.9488 -0.8366 -0.2953, -1.2795 -0.8366 -0.2953, 1.9488 -0.8366 0.374, 1.3976 -0.8366 0.374, 1.9488 -0.8366 -0.2953, 1.3976 -0.8366 -0.1969, 1.2795 -0.8366 -0.2953, 1.0039 -0.8366 -0.1969, 1.2795 -0.8366 -0.3937, 1.0039 -0.8366 -0.2165, 0.8465 -0.8366 -0.2165, 0.8465 -0.8366 -0.2756, 0.7283 -0.8366 -0.2756, -1.2795 -0.8366 -0.3937, 0.5315 -0.8366 -0.2756, 0.5315 -0.8366 -0.2165, 0.4528 -0.8366 -0.2165, 0.4528 -0.8366 -0.2756, 0.3346 -0.8366 -0.2756, 0.6496 -0.8366 -0.2756, 0.6496 -0.8366 -0.2165, 0.7283 -0.8366 -0.2165, 0.1378 -0.8366 -0.2165, 0.0591 -0.8366 -0.2165, 0.0591 -0.8366 -0.2756, -0.0591 -0.8366 -0.2756, 0.2559 -0.8366 -0.2165, 0.3346 -0.8366 -0.2165, -0.2559 -0.8366 -0.2756, -0.2559 -0.8366 -0.2165, -0.3346 -0.8366 -0.2165, -0.3346 -0.8366 -0.2756, -0.4528 -0.8366 -0.2756, -0.1378 -0.8366 -0.2756, -0.1378 -0.8366 -0.2165, -0.0591 -0.8366 -0.2165, -0.6496 -0.8366 -0.2756, -0.6496 -0.8366 -0.2165, -0.7283 -0.8366 -0.2165, -0.7283 -0.8366 -0.2756, -0.8465 -0.8366 -0.2756, -0.5315 -0.8366 -0.2756, -0.5315 -0.8366 -0.2165, -0.4528 -0.8366 -0.2165, -0.8465 -0.8366 -0.2165, -1.0039 -0.8366 -0.2165, -1.0039 -0.8366 -0.1969, -1.2795 0.8957 -0.3937, -1.0039 0.8957 -0.3937, -1.0039 0.7776 -0.3937, 1.0039 0.8957 -0.3937, 1.2795 0.8957 -0.3937, 1.0039 0.7776 -0.3937, -1.0039 0.7776 -0.2756, -0.8307 0.7776 -0.2756, -0.7441 0.7776 -0.2756, -0.6339 0.7776 -0.2756, -0.5472 0.7776 -0.2756, -0.437 0.7776 -0.2756, -0.3504 0.7776 -0.2756, -0.2402 0.7776 -0.2756, 0.0433 0.7776 -0.2756, -0.0433 0.7776 -0.2756, -0.1535 0.7776 -0.2756, 0.3504 0.7776 -0.2756, 0.437 0.7776 -0.2756, 0.5472 0.7776 -0.2756, 0.6339 0.7776 -0.2756, 0.7441 0.7776 -0.2756, 0.8307 0.7776 -0.2756, 1.0039 0.7776 -0.2756, 0.2402 0.8563 -0.2756, 0.2795 0.8957 -0.2756, 0.311 0.8957 -0.2756, 0.3504 0.8563 -0.2756, 0.2559 0.4232 -0.2165, 0.3346 0.4232 -0.2756, 0.3504 0.4232 -0.2756, 0.3346 0.4232 -0.2165, 0.3504 0.4232 0.2756, 0.2402 0.4232 0.2756, 0.2402 -0.128 0.2756, 0.3504 -0.128 0.2756, 0.0827 0.8957 -0.2756, 0.1142 0.8957 -0.2756, 0.0433 0.8563 -0.2756, 0.1535 0.8563 -0.2756, 0.0433 0.4232 -0.2756, 0.0591 0.4232 -0.2756, 0.0591 0.4232 -0.2165, 0.1378 0.4232 -0.2165, 0.3504 -0.128 0.3268, 0.3504 0.8169 0.3268, 0.437 -0.128 0.3268, 0.437 0.8169 0.3268, 0.4528 0.4232 -0.2756, 0.437 0.4232 -0.2756, 0.437 0.8563 -0.2756, 0.4764 0.8957 -0.2756, 0.5079 0.8957 -0.2756, 0.5472 0.8563 -0.2756, 0.4528 0.4232 -0.2165, 0.5315 0.4232 -0.2756, 0.5472 0.4232 -0.2756, 0.5315 0.4232 -0.2165, 0.5472 0.4232 0.2756, 0.437 0.4232 0.2756, 0.437 -0.128 0.2756, 0.5472 -0.128 0.2756, 1.0039 0.8957 -0.2756, 1.9488 0.7776 0.374, 1.9488 0.7776 0.3543, 1.9488 0.8957 0.3543, 1.9488 0.8957 -0.2953, 1.0039 -0.0098 -0.1969, 1.0039 -0.0098 0.2756, 1.0039 0.4232 0.2756, 1.0039 0.4232 -0.2165, 1.2795 -0.6791 -0.2953, 1.3976 -0.6791 -0.2953, 1.3976 0.8957 -0.2953, 1.3583 -0.6791 -0.2559, 1.3583 0.8957 -0.2559, 1.3596 0.8957 -0.2661, 1.3596 -0.6791 -0.2661, 1.3635 0.8957 -0.2756, 1.3635 -0.6791 -0.2756, 1.3698 0.8957 -0.2837, 1.3698 -0.6791 -0.2837, 1.378 0.8957 -0.29, 1.378 -0.6791 -0.29, 1.3874 0.8957 -0.2939, 1.3874 -0.6791 -0.2939, 1.3583 -0.6791 -0.1969, 1.3583 -0.0098 -0.1969, 1.3583 -0.0098 0.0, 1.3583 0.8957 0.0, 1.2795 0.8957 0.0, 1.2795 -0.0098 0.0, 1.2795 -0.6791 -0.1969, 1.2795 -0.0098 -0.1969, 0.7441 -0.128 0.3268, 0.7441 0.8169 0.3268, 0.8307 -0.128 0.3268, 0.8307 0.8169 0.3268, 0.6339 -0.128 0.2756, 0.6339 0.4232 0.2756, 0.7441 -0.128 0.2756, 0.7441 0.4232 0.2756, 0.8465 0.4232 -0.2756, 0.8307 0.4232 -0.2756, 0.7283 0.4232 -0.2756, 0.7441 0.4232 -0.2756, 0.8701 0.8957 -0.2756, 0.8307 0.8563 -0.2756, 0.8465 0.4232 -0.2165, 0.8307 0.4232 0.2756, 0.8307 -0.128 0.2756, 1.0039 -0.128 0.2756, 0.6732 0.8957 -0.2756, 0.7047 0.8957 -0.2756, 0.6339 0.8563 -0.2756, 0.7441 0.8563 -0.2756, 0.6339 0.4232 -0.2756, 0.6496 0.4232 -0.2756, 0.6496 0.4232 -0.2165, 0.7283 0.4232 -0.2165, 0.5472 -0.128 0.3268, 0.5472 0.8169 0.3268, 0.6339 -0.128 0.3268, 0.6339 0.8169 0.3268, -0.2402 -0.128 0.3268, -0.2402 0.8169 0.3268, -0.1535 -0.128 0.3268, -0.1535 0.8169 0.3268, -0.3504 -0.128 0.2756, -0.3504 0.4232 0.2756, -0.2402 -0.128 0.2756, -0.2402 0.4232 0.2756, -0.1378 0.4232 -0.2756, -0.1535 0.4232 -0.2756, -0.2559 0.4232 -0.2756, -0.2402 0.4232 -0.2756, -0.1535 0.8563 -0.2756, -0.1142 0.8957 -0.2756, -0.0827 0.8957 -0.2756, -0.0433 0.8563 -0.2756, -0.1378 0.4232 -0.2165, -0.0591 0.4232 -0.2756, -0.0433 0.4232 -0.2756, -0.0591 0.4232 -0.2165, -0.0433 0.4232 0.2756, -0.1535 0.4232 0.2756, -0.1535 -0.128 0.2756, -0.0433 -0.128 0.2756, -0.311 0.8957 -0.2756, -0.2795 0.8957 -0.2756, -0.3504 0.8563 -0.2756, -0.2402 0.8563 -0.2756, -0.3504 0.4232 -0.2756, -0.3346 0.4232 -0.2756, -0.3346 0.4232 -0.2165, -0.2559 0.4232 -0.2165, -1.0039 -0.0098 -0.1969, -1.0039 0.4232 -0.2165, -1.0039 -0.0098 0.2756, -1.0039 0.4232 0.2756, -1.9488 0.8957 0.3543, -1.9488 0.8957 -0.2953, -1.9488 0.7776 0.3543, -1.9488 0.7776 0.374, -1.0039 0.8957 -0.2756, -1.2795 -0.6791 -0.2953, -1.3976 -0.6791 -0.2953, -1.3976 0.8957 -0.2953, -1.3874 0.8957 -0.2939, -1.3874 -0.6791 -0.2939, -1.378 0.8957 -0.29, -1.378 -0.6791 -0.29, -1.3698 0.8957 -0.2837, -1.3698 -0.6791 -0.2837, -1.3635 0.8957 -0.2756, -1.3635 -0.6791 -0.2756, -1.3596 0.8957 -0.2661, -1.3596 -0.6791 -0.2661, -1.3583 0.8957 -0.2559, -1.3583 -0.6791 -0.2559, -1.3583 -0.6791 -0.1969, -1.3583 -0.0098 -0.1969, -1.3583 -0.0098 0.0, -1.3583 0.8957 0.0, -1.2795 0.8957 0.0, -1.2795 -0.0098 0.0, -1.2795 -0.0098 -0.1969, -1.2795 -0.6791 -0.1969, -0.6339 -0.128 0.3268, -0.6339 0.8169 0.3268, -0.5472 -0.128 0.3268, -0.5472 0.8169 0.3268, -0.7441 -0.128 0.2756, -0.7441 0.4232 0.2756, -0.6339 -0.128 0.2756, -0.6339 0.4232 0.2756, -0.5315 0.4232 -0.2756, -0.5472 0.4232 -0.2756, -0.6496 0.4232 -0.2756, -0.6339 0.4232 -0.2756, -0.5472 0.8563 -0.2756, -0.5079 0.8957 -0.2756, -0.4764 0.8957 -0.2756, -0.437 0.8563 -0.2756, -0.5315 0.4232 -0.2165, -0.4528 0.4232 -0.2756, -0.437 0.4232 -0.2756, -0.4528 0.4232 -0.2165, -0.437 0.4232 0.2756, -0.5472 0.4232 0.2756, -0.5472 -0.128 0.2756, -0.437 -0.128 0.2756, -0.7047 0.8957 -0.2756, -0.6732 0.8957 -0.2756, -0.7441 0.8563 -0.2756, -0.6339 0.8563 -0.2756, -0.7441 0.4232 -0.2756, -0.7283 0.4232 -0.2756, -0.7283 0.4232 -0.2165, -0.6496 0.4232 -0.2165, -0.437 -0.128 0.3268, -0.437 0.8169 0.3268, -0.3504 -0.128 0.3268, -0.3504 0.8169 0.3268, -0.8307 -0.128 0.3268, -0.8307 0.8169 0.3268, -0.7441 -0.128 0.3268, -0.7441 0.8169 0.3268, -0.8307 0.4232 0.2756, -0.8307 -0.128 0.2756, -1.0039 -0.128 0.2756, -0.8465 0.4232 -0.2756, -0.8307 0.4232 -0.2756, -0.8701 0.8957 -0.2756, -0.8307 0.8563 -0.2756, -0.8465 0.4232 -0.2165, -0.0433 -0.128 0.3268, -0.0433 0.8169 0.3268, 0.0433 -0.128 0.3268, 0.0433 0.8169 0.3268, -1.0039 -0.0098 0.374, -1.0039 -0.128 0.374, -1.3976 -0.0098 0.374, -1.3976 -0.0098 -0.1969, 1.0039 -0.128 0.374, 1.0039 -0.0098 0.374, 1.3976 -0.0098 0.374, 1.3976 -0.0098 -0.1969, 0.2402 -0.128 0.3268, 0.1535 -0.128 0.3268, -1.4961 0.502 0.2362, -1.7913 0.502 0.2362, -1.4961 0.8957 0.2362, -1.7913 0.8957 0.2362, -1.7913 0.502 -0.1969, -1.7913 0.8957 -0.1969, -1.4961 0.502 -0.1969, -1.4961 0.8957 -0.1969, 1.7913 0.502 -0.1969, 1.7913 0.502 0.2362, 1.7913 0.8957 -0.1969, 1.7913 0.8957 0.2362, 1.4961 0.502 0.2362, 1.4961 0.8957 0.2362, 1.4961 0.502 -0.1969, 1.4961 0.8957 -0.1969, 1.9487 -0.8364 0.3766, 1.9481 0.7776 0.3791, 1.9462 0.7776 0.3839, 1.9473 -0.8351 0.3815, 1.9481 -0.8359 0.3791, 1.9431 -0.8308 0.3879, 1.9448 -0.8325 0.386, 1.9462 -0.834 0.3839, 1.9431 0.7776 0.3879, 1.939 0.7776 0.3911, 1.939 -0.8268 0.3911, 1.9342 0.7776 0.393, 1.9342 -0.822 0.393, 1.9291 0.7776 0.3937, 1.9291 0.6098 0.3937, 1.9291 0.5284 0.3937, 1.9291 0.5049 0.3937, 1.9291 0.4014 0.3937, 1.9291 0.3696 0.3937, 1.9291 -0.8169 0.3937, 1.3978 -0.8364 0.3766, 1.3983 -0.8359 0.3791, 1.3991 -0.8351 0.3815, 1.4003 -0.834 0.3839, 1.4017 -0.8325 0.386, 1.4034 -0.8308 0.3879, 1.4075 -0.8268 0.3911, 1.4122 -0.822 0.393, 1.4173 -0.8169 0.3937, 1.3978 -0.0097 0.3766, 1.3983 -0.0092 0.3791, 1.3991 -0.0083 0.3815, 1.4003 -0.0072 0.3839, 1.4017 -0.0058 0.386, 1.4034 -0.0041 0.3879, 1.4075 0.0 0.3911, 1.4122 0.0047 0.393, 1.4173 0.0098 0.3937, 1.0038 -0.0097 0.3766, 1.0033 -0.0092 0.3791, 1.0024 -0.0083 0.3815, 1.0013 -0.0072 0.3839, 0.9999 -0.0058 0.386, 0.9982 -0.0041 0.3879, 0.9941 0.0 0.3911, 0.9893 0.0047 0.393, 0.9843 0.0098 0.3937, 0.9982 -0.1222 0.3879, 1.0038 -0.1278 0.3766, 1.0033 -0.1273 0.3791, 1.0024 -0.1265 0.3815, 1.0013 -0.1253 0.3839, 0.9999 -0.1239 0.386, 0.9941 -0.1181 0.3911, 0.9893 -0.1134 0.393, 0.9843 -0.1083 0.3937, -1.9342 -0.822 0.393, -1.9291 -0.8169 0.3937, -1.9291 0.3696 0.3937, -1.9291 0.5049 0.3937, -1.9342 0.7776 0.393, -1.9291 0.4014 0.3937, -1.9291 0.5284 0.3937, -1.9291 0.6098 0.3937, -1.9291 0.7776 0.3937, -1.939 0.7776 0.3911, -1.939 -0.8268 0.3911, -1.9431 0.7776 0.3879, -1.9431 -0.8308 0.3879, -1.9448 -0.8325 0.386, -1.9462 0.7776 0.3839, -1.9462 -0.834 0.3839, -1.9473 -0.8351 0.3815, -1.9481 0.7776 0.3791, -1.9481 -0.8359 0.3791, -1.9487 -0.8364 0.3766, -1.0038 -0.1278 0.3766, -1.0033 -0.1273 0.3791, -1.0024 -0.1265 0.3815, -1.0013 -0.1253 0.3839, -0.9999 -0.1239 0.386, -0.9982 -0.1222 0.3879, -0.9941 -0.1181 0.3911, -0.9893 -0.1134 0.393, -0.9843 -0.1083 0.3937, -1.4173 -0.8169 0.3937, -1.4122 -0.822 0.393, -1.4075 -0.8268 0.3911, -1.4034 -0.8308 0.3879, -1.4003 -0.834 0.3839, -1.4017 -0.8325 0.386, -1.3991 -0.8351 0.3815, -1.3983 -0.8359 0.3791, -1.3978 -0.8364 0.3766, -1.0038 -0.0097 0.3766, -1.0033 -0.0092 0.3791, -1.0024 -0.0083 0.3815, -1.0013 -0.0072 0.3839, -0.9999 -0.0058 0.386, -0.9982 -0.0041 0.3879, -0.9941 0.0 0.3911, -0.9893 0.0047 0.393, -0.9843 0.0098 0.3937, -1.4075 0.0 0.3911, -1.4122 0.0047 0.393, -1.4173 0.0098 0.3937, -1.4003 -0.0072 0.3839, -1.4017 -0.0058 0.386, -1.4034 -0.0041 0.3879, -1.3978 -0.0097 0.3766, -1.3983 -0.0092 0.3791, -1.3991 -0.0083 0.3815, -1.3991 -0.0083 0.3815
            ]
        }
        coordIndex [
            0,1,2,-1,2,1,3,-1,4,5,6,-1,6,5,7,-1,8,6,9,-1,9,6,7,-1,9,7,10,-1,10,7,11,-1,12,13,14,-1,14,13,15,-1,14,15,16,-1,17,18,19,-1,19,18,20,-1,19,20,21,-1,21,20,22,-1,21,22,23,-1,23,22,24,-1,23,24,25,-1,25,26,23,-1,23,26,27,-1,23,27,28,-1,29,30,31,-1,32,33,28,-1,31,32,29,-1,29,32,28,-1,29,28,34,-1,34,28,27,-1,34,27,35,-1,35,27,36,-1,6,37,38,-1,39,40,28,-1,38,39,6,-1,6,39,28,-1,6,28,4,-1,4,28,33,-1,4,33,41,-1,41,33,42,-1,43,44,45,-1,46,47,28,-1,45,46,43,-1,43,46,28,-1,43,28,48,-1,48,28,40,-1,48,40,49,-1,49,40,50,-1,51,52,53,-1,54,55,28,-1,53,54,51,-1,51,54,28,-1,51,28,56,-1,56,28,47,-1,56,47,57,-1,57,47,58,-1,55,59,28,-1,28,59,60,-1,28,60,16,-1,16,60,61,-1,16,61,14,-1,62,63,64,-1,65,66,67,-1,67,66,23,-1,67,23,64,-1,64,23,28,-1,64,28,62,-1,64,68,69,-1,69,70,64,-1,64,70,71,-1,64,71,72,-1,72,73,64,-1,64,73,74,-1,64,74,75,-1,76,67,77,-1,77,67,64,-1,77,64,78,-1,78,64,75,-1,76,10,67,-1,67,10,11,-1,67,11,79,-1,79,80,67,-1,67,80,81,-1,67,81,82,-1,82,83,67,-1,67,83,84,-1,67,84,85,-1,79,11,86,-1,87,88,86,-1,86,88,89,-1,86,89,79,-1,7,5,90,-1,91,92,93,-1,93,92,94,-1,93,94,90,-1,90,94,95,-1,90,95,7,-1,96,95,97,-1,97,95,94,-1,98,99,100,-1,100,99,101,-1,100,101,76,-1,76,101,10,-1,102,103,104,-1,8,9,105,-1,105,9,3,-1,105,3,104,-1,104,3,1,-1,104,1,102,-1,38,37,104,-1,104,37,105,-1,37,6,105,-1,105,6,8,-1,4,41,5,-1,5,41,90,-1,41,42,90,-1,90,42,93,-1,106,107,108,-1,108,107,109,-1,32,110,33,-1,33,110,111,-1,91,33,92,-1,92,33,111,-1,92,111,79,-1,79,111,80,-1,81,80,112,-1,113,114,112,-1,112,114,115,-1,112,115,81,-1,111,110,116,-1,117,118,119,-1,119,118,120,-1,119,120,116,-1,116,120,121,-1,116,121,111,-1,122,121,123,-1,123,121,120,-1,42,33,93,-1,93,33,91,-1,32,31,110,-1,110,31,116,-1,31,30,116,-1,116,30,119,-1,85,124,67,-1,67,124,65,-1,125,17,126,-1,126,17,19,-1,126,19,127,-1,127,19,128,-1,24,22,129,-1,130,131,129,-1,129,131,132,-1,129,132,24,-1,21,133,134,-1,135,128,134,-1,134,128,19,-1,134,19,21,-1,136,137,138,-1,136,138,139,-1,139,138,140,-1,139,140,141,-1,141,140,142,-1,141,142,143,-1,143,142,144,-1,143,144,145,-1,145,144,146,-1,145,146,147,-1,147,146,135,-1,147,135,134,-1,136,148,149,-1,150,151,149,-1,149,151,137,-1,149,137,136,-1,152,151,153,-1,153,151,150,-1,21,23,133,-1,133,23,66,-1,154,133,155,-1,155,133,66,-1,155,66,153,-1,153,66,152,-1,156,157,158,-1,158,157,159,-1,160,161,162,-1,162,161,163,-1,26,164,27,-1,27,164,165,-1,166,27,167,-1,167,27,165,-1,167,165,83,-1,83,165,84,-1,168,124,169,-1,169,124,85,-1,169,85,84,-1,165,164,170,-1,132,131,170,-1,170,131,171,-1,170,171,165,-1,171,131,172,-1,172,131,130,-1,172,130,173,-1,174,175,176,-1,176,175,177,-1,176,177,82,-1,82,177,83,-1,178,179,180,-1,166,167,181,-1,181,167,163,-1,181,163,180,-1,180,163,161,-1,180,161,178,-1,35,36,180,-1,180,36,181,-1,36,27,181,-1,181,27,166,-1,26,25,164,-1,164,25,170,-1,25,24,170,-1,170,24,132,-1,182,183,184,-1,184,183,185,-1,34,179,29,-1,29,179,178,-1,117,29,118,-1,118,29,178,-1,118,178,81,-1,81,178,82,-1,30,29,119,-1,119,29,117,-1,34,35,179,-1,179,35,180,-1,186,187,188,-1,188,187,189,-1,190,191,192,-1,192,191,193,-1,48,194,43,-1,43,194,195,-1,196,43,197,-1,197,43,195,-1,197,195,75,-1,75,195,78,-1,77,78,198,-1,199,200,198,-1,198,200,201,-1,198,201,77,-1,195,194,202,-1,203,204,205,-1,205,204,206,-1,205,206,202,-1,202,206,207,-1,202,207,195,-1,208,207,209,-1,209,207,206,-1,210,211,212,-1,212,211,213,-1,212,213,74,-1,74,213,75,-1,214,215,216,-1,196,197,217,-1,217,197,193,-1,217,193,216,-1,216,193,191,-1,216,191,214,-1,45,44,216,-1,216,44,217,-1,44,43,217,-1,217,43,196,-1,48,49,194,-1,194,49,202,-1,49,50,202,-1,202,50,205,-1,61,60,218,-1,218,60,219,-1,218,219,220,-1,220,219,221,-1,222,223,224,-1,224,223,15,-1,224,15,225,-1,225,15,13,-1,68,64,226,-1,226,64,63,-1,227,16,228,-1,228,16,15,-1,228,15,229,-1,229,15,223,-1,228,229,230,-1,228,230,231,-1,231,230,232,-1,231,232,233,-1,233,232,234,-1,233,234,235,-1,235,234,236,-1,235,236,237,-1,237,236,238,-1,237,238,239,-1,239,238,240,-1,239,240,241,-1,242,241,243,-1,243,241,240,-1,243,240,244,-1,244,240,245,-1,245,246,244,-1,244,246,247,-1,247,246,248,-1,248,246,62,-1,28,16,227,-1,249,248,227,-1,227,248,62,-1,227,62,28,-1,250,251,252,-1,252,251,253,-1,254,255,256,-1,256,255,257,-1,56,258,51,-1,51,258,259,-1,260,51,261,-1,261,51,259,-1,261,259,71,-1,71,259,72,-1,73,72,262,-1,263,264,262,-1,262,264,265,-1,262,265,73,-1,259,258,266,-1,267,268,269,-1,269,268,270,-1,269,270,266,-1,266,270,271,-1,266,271,259,-1,272,271,273,-1,273,271,270,-1,274,275,276,-1,276,275,277,-1,276,277,70,-1,70,277,71,-1,278,279,280,-1,260,261,281,-1,281,261,257,-1,281,257,280,-1,280,257,255,-1,280,255,278,-1,53,52,280,-1,280,52,281,-1,52,51,281,-1,281,51,260,-1,56,57,258,-1,258,57,266,-1,57,58,266,-1,266,58,269,-1,282,283,284,-1,284,283,285,-1,46,215,47,-1,47,215,214,-1,267,47,268,-1,268,47,214,-1,268,214,73,-1,73,214,74,-1,58,47,269,-1,269,47,267,-1,46,45,215,-1,215,45,216,-1,286,287,288,-1,288,287,289,-1,221,290,220,-1,220,290,291,-1,220,291,292,-1,54,279,55,-1,55,279,278,-1,293,55,294,-1,294,55,278,-1,294,278,69,-1,69,278,70,-1,226,295,68,-1,68,295,296,-1,68,296,69,-1,293,294,297,-1,297,294,290,-1,297,290,219,-1,219,290,221,-1,60,59,219,-1,219,59,297,-1,59,55,297,-1,297,55,293,-1,54,53,279,-1,279,53,280,-1,298,299,300,-1,300,299,301,-1,39,103,40,-1,40,103,102,-1,203,40,204,-1,204,40,102,-1,204,102,77,-1,77,102,76,-1,50,40,205,-1,205,40,203,-1,39,38,103,-1,103,38,104,-1,302,220,303,-1,303,220,292,-1,12,14,304,-1,304,14,305,-1,248,218,247,-1,247,218,220,-1,220,302,247,-1,247,302,304,-1,247,304,244,-1,244,304,305,-1,244,305,243,-1,243,305,242,-1,242,305,14,-1,242,14,249,-1,249,14,61,-1,249,61,248,-1,248,61,218,-1,306,173,307,-1,307,173,130,-1,308,307,130,-1,149,309,150,-1,150,309,308,-1,150,308,153,-1,153,308,130,-1,153,130,155,-1,155,130,129,-1,308,309,18,-1,18,309,20,-1,309,149,148,-1,155,129,154,-1,154,129,22,-1,154,22,148,-1,148,22,20,-1,148,20,309,-1,310,96,97,-1,106,108,306,-1,284,190,192,-1,292,291,303,-1,303,291,286,-1,303,286,288,-1,254,256,288,-1,288,256,250,-1,288,250,303,-1,303,250,252,-1,272,273,252,-1,252,273,282,-1,252,282,303,-1,303,282,284,-1,303,284,186,-1,186,284,192,-1,184,306,182,-1,182,306,108,-1,182,108,123,-1,123,108,122,-1,208,209,188,-1,188,209,298,-1,300,306,298,-1,298,306,303,-1,298,303,188,-1,188,303,186,-1,97,106,310,-1,310,106,306,-1,310,306,311,-1,311,306,300,-1,311,300,2,-1,2,300,0,-1,172,173,158,-1,158,173,306,-1,158,306,156,-1,156,306,184,-1,156,184,162,-1,162,184,160,-1,312,313,314,-1,314,313,315,-1,313,316,315,-1,315,316,317,-1,316,318,317,-1,317,318,319,-1,318,312,319,-1,319,312,314,-1,318,316,312,-1,312,316,313,-1,320,321,322,-1,322,321,323,-1,321,324,323,-1,323,324,325,-1,324,326,325,-1,325,326,327,-1,326,320,327,-1,327,320,322,-1,326,324,320,-1,320,324,321,-1,17,125,328,-1,328,125,329,-1,330,331,329,-1,329,331,332,-1,329,332,328,-1,333,334,330,-1,330,334,335,-1,330,335,331,-1,330,336,333,-1,333,336,337,-1,333,337,338,-1,338,337,339,-1,338,339,340,-1,339,341,342,-1,342,343,339,-1,339,343,344,-1,339,344,345,-1,345,346,339,-1,339,346,347,-1,339,347,340,-1,18,17,348,-1,348,17,328,-1,348,328,349,-1,349,328,332,-1,349,332,350,-1,350,332,331,-1,350,331,351,-1,351,331,335,-1,351,335,352,-1,352,335,334,-1,352,334,353,-1,334,333,353,-1,353,333,338,-1,353,338,354,-1,354,338,340,-1,354,340,355,-1,355,340,347,-1,355,347,356,-1,308,18,357,-1,357,18,348,-1,357,348,358,-1,358,348,349,-1,358,349,359,-1,359,349,350,-1,359,350,360,-1,360,350,351,-1,360,351,361,-1,361,351,352,-1,361,352,362,-1,352,353,362,-1,362,353,354,-1,362,354,363,-1,363,354,355,-1,363,355,364,-1,364,355,356,-1,364,356,365,-1,366,307,308,-1,308,357,366,-1,366,357,358,-1,366,358,367,-1,367,358,368,-1,358,359,368,-1,368,359,360,-1,368,360,369,-1,369,360,370,-1,360,361,370,-1,370,361,362,-1,370,362,371,-1,371,362,363,-1,371,363,372,-1,372,363,364,-1,372,364,373,-1,373,364,365,-1,373,365,374,-1,369,370,375,-1,306,307,376,-1,376,307,366,-1,376,366,377,-1,377,366,367,-1,377,367,378,-1,378,367,368,-1,378,368,379,-1,379,368,369,-1,379,369,380,-1,380,369,375,-1,370,371,375,-1,375,371,372,-1,375,372,381,-1,381,372,373,-1,381,373,382,-1,382,373,374,-1,382,374,383,-1,384,385,386,-1,387,388,389,-1,389,388,386,-1,387,390,388,-1,388,390,391,-1,388,391,392,-1,386,388,384,-1,384,388,393,-1,384,393,394,-1,394,393,395,-1,394,395,396,-1,396,395,397,-1,397,395,398,-1,397,398,399,-1,399,398,400,-1,400,398,401,-1,400,401,402,-1,402,401,403,-1,403,401,225,-1,403,225,13,-1,303,306,404,-1,404,306,376,-1,404,376,405,-1,376,377,405,-1,405,377,378,-1,405,378,406,-1,406,378,379,-1,406,379,407,-1,407,379,380,-1,407,380,408,-1,408,380,409,-1,380,375,409,-1,409,375,381,-1,409,381,410,-1,410,381,382,-1,410,382,411,-1,411,382,383,-1,411,383,412,-1,413,385,384,-1,413,384,414,-1,414,384,394,-1,414,394,415,-1,415,394,396,-1,415,396,416,-1,399,417,418,-1,416,396,418,-1,418,396,397,-1,418,397,399,-1,417,399,419,-1,419,399,400,-1,419,400,420,-1,400,402,420,-1,420,402,403,-1,420,403,421,-1,421,403,13,-1,421,13,12,-1,302,303,404,-1,302,404,422,-1,422,404,405,-1,422,405,423,-1,423,405,406,-1,423,406,424,-1,424,406,407,-1,424,407,425,-1,425,407,408,-1,425,408,426,-1,426,408,409,-1,426,409,427,-1,427,409,410,-1,427,410,428,-1,428,410,411,-1,428,411,429,-1,429,411,412,-1,429,412,430,-1,416,431,415,-1,415,431,432,-1,415,432,414,-1,414,432,433,-1,414,433,413,-1,434,435,416,-1,416,435,436,-1,416,436,431,-1,12,304,421,-1,421,304,437,-1,421,437,420,-1,420,437,438,-1,420,438,419,-1,419,438,439,-1,419,439,417,-1,417,439,434,-1,417,434,418,-1,418,434,416,-1,304,302,437,-1,437,302,422,-1,437,422,438,-1,438,422,423,-1,438,423,439,-1,439,423,424,-1,439,424,434,-1,434,424,425,-1,434,425,435,-1,425,426,435,-1,435,426,427,-1,435,427,436,-1,436,427,428,-1,436,428,431,-1,431,428,429,-1,431,429,432,-1,432,429,430,-1,432,430,433,-1,
        ]
    }
}
Shape{
    appearance Appearance {
        material  Material 	{
            diffuseColor 0.0 0.0 0.0
            specularColor 0.0 0.0 0.0
            ambientIntensity 0.2
            transparency 0
            shininess 0.5
        }
    }
    geometry IndexedFaceSet {
        ccw TRUE
        solid FALSE
        coord DEF co Coordinate {
            point [
                0.0323 0.5382 0.3976, 0.0323 0.5291 0.3976, 0.0323 0.5382 0.3937, 0.0323 0.5291 0.3937, 0.0004 0.5382 0.3976, 0.0004 0.5382 0.3937, 0.0004 0.6091 0.3976, 0.0004 0.6091 0.3937, -0.01 0.6091 0.3976, -0.01 0.6091 0.3937, -0.01 0.5291 0.3976, -0.01 0.5291 0.3937, 0.0955 0.5324 0.3937, 0.0955 0.5324 0.3976, 0.0941 0.5317 0.3976, 0.0733 0.5277 0.3976, 0.0733 0.5277 0.3937, 0.0855 0.5289 0.3976, 0.0804 0.5284 0.3937, 0.0855 0.5289 0.3937, 0.0921 0.531 0.3937, 0.0941 0.5317 0.3937, 0.0955 0.5423 0.3976, 0.0955 0.5423 0.3937, 0.0921 0.5408 0.3937, 0.0876 0.5388 0.3976, 0.0876 0.5388 0.3937, 0.0785 0.5371 0.3937, 0.0785 0.5371 0.3976, 0.0748 0.5369 0.3937, 0.0748 0.5369 0.3976, 0.0668 0.5379 0.3937, 0.0668 0.5379 0.3976, 0.0611 0.5401 0.3937, 0.0611 0.5401 0.3976, 0.0558 0.5438 0.3937, 0.0558 0.5438 0.3976, 0.0542 0.5454 0.3937, 0.0542 0.5454 0.3976, 0.0507 0.5501 0.3937, 0.0507 0.5501 0.3976, 0.048 0.5564 0.3937, 0.048 0.5564 0.3976, 0.0465 0.5641 0.3937, 0.0465 0.5641 0.3976, 0.0464 0.5682 0.3937, 0.0464 0.5682 0.3976, 0.0477 0.5792 0.3937, 0.0477 0.5792 0.3976, 0.0504 0.5861 0.3937, 0.0504 0.5861 0.3976, 0.0543 0.5917 0.3937, 0.0543 0.5917 0.3976, 0.0548 0.5923 0.3937, 0.0548 0.5923 0.3976, 0.0594 0.5962 0.3937, 0.0594 0.5962 0.3976, 0.0656 0.5994 0.3937, 0.0656 0.5994 0.3976, 0.0725 0.6009 0.3937, 0.0725 0.6009 0.3976, 0.0766 0.6012 0.3937, 0.0766 0.6012 0.3976, 0.0865 0.6 0.3937, 0.0921 0.5978 0.3937, 0.0946 0.5969 0.3976, 0.0865 0.6 0.3976, 0.0946 0.5969 0.3937, 0.0955 0.5964 0.3937, 0.0955 0.5964 0.3976, 0.0955 0.6072 0.3976, 0.0955 0.6072 0.3937, 0.0765 0.6105 0.3937, 0.0765 0.6105 0.3976, 0.0765 0.6105 0.3976, 0.0921 0.6082 0.3937, 0.087 0.6097 0.3976, 0.087 0.6097 0.3937, 0.0851 0.6098 0.3937, 0.0765 0.6105 0.3937, 0.071 0.6098 0.3937, 0.0649 0.6091 0.3976, 0.0649 0.6091 0.3937, 0.0565 0.6058 0.3937, 0.0565 0.6058 0.3976, 0.049 0.6006 0.3937, 0.049 0.6006 0.3976, 0.0471 0.5987 0.3937, 0.0471 0.5987 0.3976, 0.0413 0.5911 0.3937, 0.0391 0.586 0.3937, 0.0375 0.5822 0.3976, 0.0413 0.5911 0.3976, 0.0375 0.5822 0.3937, 0.0357 0.5718 0.3937, 0.0357 0.5718 0.3976, 0.0355 0.5676 0.3937, 0.0355 0.5676 0.3976, 0.0371 0.5545 0.3937, 0.0391 0.5494 0.3937, 0.0404 0.5462 0.3976, 0.0371 0.5545 0.3976, 0.0404 0.5462 0.3937, 0.0452 0.5393 0.3937, 0.0452 0.5393 0.3976, 0.0458 0.5386 0.3937, 0.0458 0.5386 0.3976, 0.0685 0.5279 0.3976, 0.0522 0.5333 0.3937, 0.0522 0.5333 0.3976, 0.0598 0.5297 0.3937, 0.0598 0.5297 0.3976, 0.0663 0.5284 0.3937, 0.0685 0.5279 0.3937, 0.1546 0.5382 0.3976, 0.1546 0.5291 0.3976, 0.1546 0.5382 0.3937, 0.1546 0.5291 0.3937, 0.1218 0.5382 0.3937, 0.1218 0.5382 0.3976, 0.1435 0.5382 0.3937, 0.1218 0.5651 0.3976, 0.1218 0.5651 0.3937, 0.1505 0.5651 0.3976, 0.1435 0.5651 0.3937, 0.1505 0.5651 0.3937, 0.1505 0.5743 0.3976, 0.1505 0.5743 0.3937, 0.1218 0.5743 0.3937, 0.1218 0.5743 0.3976, 0.1435 0.5743 0.3937, 0.1218 0.5999 0.3976, 0.1218 0.5999 0.3937, 0.1527 0.5999 0.3976, 0.1435 0.5999 0.3937, 0.1527 0.5999 0.3937, 0.1527 0.6091 0.3976, 0.1527 0.6091 0.3937, 0.1115 0.6091 0.3937, 0.1115 0.6091 0.3976, 0.1435 0.6091 0.3937, 0.1115 0.5291 0.3976, 0.1115 0.5291 0.3937, 0.1435 0.5291 0.3937, 0.2228 0.5403 0.3976, 0.2145 0.5457 0.3976, 0.2145 0.5343 0.3976, 0.2094 0.5421 0.3976, 0.2053 0.5307 0.3976, 0.2028 0.5395 0.3976, 0.1917 0.5291 0.3976, 0.1917 0.5382 0.3976, 0.1697 0.5291 0.3976, 0.18 0.5382 0.3976, 0.1697 0.6091 0.3976, 0.18 0.5999 0.3976, 0.1925 0.6091 0.3976, 0.1921 0.5999 0.3976, 0.1951 0.5998 0.3976, 0.2048 0.6078 0.3976, 0.2035 0.5985 0.3976, 0.2144 0.6043 0.3976, 0.2103 0.5958 0.3976, 0.2228 0.5985 0.3976, 0.2152 0.5924 0.3976, 0.2256 0.5958 0.3976, 0.2174 0.5902 0.3976, 0.2306 0.5888 0.3976, 0.2206 0.5857 0.3976, 0.2335 0.5812 0.3976, 0.2228 0.5799 0.3976, 0.2349 0.5701 0.3976, 0.224 0.5698 0.3976, 0.2346 0.565 0.3976, 0.2236 0.5639 0.3976, 0.2327 0.5557 0.3976, 0.222 0.5568 0.3976, 0.2288 0.5474 0.3976, 0.2191 0.551 0.3976, 0.2155 0.5465 0.3976, 0.1917 0.5291 0.3937, 0.1697 0.5291 0.3937, 0.2053 0.5307 0.3937, 0.2145 0.5343 0.3937, 0.2228 0.5403 0.3937, 0.2288 0.5474 0.3937, 0.2327 0.5557 0.3937, 0.2346 0.565 0.3937, 0.2349 0.5701 0.3937, 0.2335 0.5812 0.3937, 0.2306 0.5888 0.3937, 0.2256 0.5958 0.3937, 0.2228 0.5985 0.3937, 0.2144 0.6043 0.3937, 0.2048 0.6078 0.3937, 0.1925 0.6091 0.3937, 0.1697 0.6091 0.3937, 0.1921 0.5999 0.3937, 0.18 0.5999 0.3937, 0.18 0.5382 0.3937, 0.1917 0.5382 0.3937, 0.2155 0.5465 0.3937, 0.2145 0.5457 0.3937, 0.2094 0.5421 0.3937, 0.2028 0.5395 0.3937, 0.224 0.5698 0.3937, 0.2236 0.5639 0.3937, 0.222 0.5568 0.3937, 0.2191 0.551 0.3937, 0.2152 0.5924 0.3937, 0.2174 0.5902 0.3937, 0.2206 0.5857 0.3937, 0.2228 0.5799 0.3937, 0.1951 0.5998 0.3937, 0.2035 0.5985 0.3937, 0.2103 0.5958 0.3937, 0.2103 0.5958 0.3937
            ]
        }
        coordIndex [
            0,1,2,-1,2,1,3,-1,4,0,5,-1,5,0,2,-1,6,4,7,-1,7,4,5,-1,8,6,9,-1,9,6,7,-1,10,8,11,-1,11,8,9,-1,1,10,3,-1,3,10,11,-1,6,8,4,-1,4,8,10,-1,4,10,0,-1,0,10,1,-1,12,13,14,-1,15,16,17,-1,17,16,18,-1,18,19,17,-1,17,19,20,-1,17,20,14,-1,14,20,21,-1,14,21,12,-1,22,13,23,-1,23,13,12,-1,22,23,24,-1,22,24,25,-1,24,26,25,-1,25,26,27,-1,25,27,28,-1,28,27,29,-1,28,29,30,-1,30,29,31,-1,30,31,32,-1,32,31,33,-1,32,33,34,-1,34,33,35,-1,34,35,36,-1,36,35,37,-1,36,37,38,-1,38,37,39,-1,38,39,40,-1,40,39,41,-1,40,41,42,-1,42,41,43,-1,42,43,44,-1,44,43,45,-1,44,45,46,-1,46,45,47,-1,46,47,48,-1,48,47,49,-1,48,49,50,-1,50,49,51,-1,50,51,52,-1,52,51,53,-1,52,53,54,-1,54,53,55,-1,54,55,56,-1,56,55,57,-1,56,57,58,-1,58,57,59,-1,58,59,60,-1,60,59,61,-1,60,61,62,-1,62,61,63,-1,64,65,63,-1,63,65,66,-1,63,66,62,-1,64,67,65,-1,65,67,68,-1,65,68,69,-1,70,69,71,-1,71,69,68,-1,72,73,74,-1,70,71,75,-1,70,75,76,-1,75,77,76,-1,76,77,78,-1,76,78,74,-1,74,78,79,-1,74,79,72,-1,73,72,80,-1,73,80,81,-1,80,82,81,-1,81,82,83,-1,81,83,84,-1,84,83,85,-1,84,85,86,-1,86,85,87,-1,86,87,88,-1,88,87,89,-1,90,91,89,-1,89,91,92,-1,89,92,88,-1,90,93,91,-1,91,93,94,-1,91,94,95,-1,95,94,96,-1,95,96,97,-1,97,96,98,-1,99,100,98,-1,98,100,101,-1,98,101,97,-1,99,102,100,-1,100,102,103,-1,100,103,104,-1,104,103,105,-1,104,105,106,-1,16,15,107,-1,106,105,108,-1,106,108,109,-1,109,108,110,-1,109,110,111,-1,111,110,112,-1,111,112,107,-1,107,112,113,-1,107,113,16,-1,65,69,70,-1,48,50,92,-1,92,50,88,-1,65,70,66,-1,66,70,76,-1,66,76,62,-1,62,76,74,-1,62,74,60,-1,60,74,73,-1,60,73,58,-1,58,73,81,-1,58,81,56,-1,13,22,14,-1,14,22,25,-1,14,25,17,-1,17,25,28,-1,17,28,15,-1,15,28,30,-1,15,30,107,-1,107,30,32,-1,107,32,111,-1,111,32,34,-1,111,34,109,-1,109,34,36,-1,109,36,106,-1,106,36,38,-1,106,38,104,-1,104,38,40,-1,104,40,100,-1,97,46,95,-1,95,46,48,-1,95,48,91,-1,91,48,92,-1,50,52,88,-1,88,52,54,-1,88,54,86,-1,86,54,56,-1,86,56,84,-1,84,56,81,-1,100,40,101,-1,101,40,42,-1,101,42,97,-1,97,42,44,-1,97,44,46,-1,114,115,116,-1,116,115,117,-1,118,119,120,-1,120,119,114,-1,120,114,116,-1,121,119,122,-1,122,119,118,-1,121,122,123,-1,123,122,124,-1,123,124,125,-1,126,123,127,-1,127,123,125,-1,128,129,130,-1,130,129,126,-1,130,126,127,-1,131,129,132,-1,132,129,128,-1,131,132,133,-1,133,132,134,-1,133,134,135,-1,136,133,137,-1,137,133,135,-1,138,139,140,-1,140,139,136,-1,140,136,137,-1,141,139,142,-1,142,139,138,-1,141,142,115,-1,115,142,143,-1,115,143,117,-1,141,115,114,-1,114,119,141,-1,141,119,121,-1,141,121,139,-1,133,136,131,-1,131,136,139,-1,131,139,129,-1,129,139,121,-1,129,121,126,-1,126,121,123,-1,144,145,146,-1,146,145,147,-1,146,147,148,-1,148,147,149,-1,148,149,150,-1,150,149,151,-1,150,151,152,-1,152,151,153,-1,152,153,154,-1,154,153,155,-1,154,155,156,-1,155,157,156,-1,156,157,158,-1,156,158,159,-1,159,158,160,-1,159,160,161,-1,161,160,162,-1,161,162,163,-1,163,162,164,-1,163,164,165,-1,165,164,166,-1,165,166,167,-1,167,166,168,-1,167,168,169,-1,169,168,170,-1,169,170,171,-1,171,170,172,-1,171,172,173,-1,173,172,174,-1,173,174,175,-1,175,174,176,-1,175,176,177,-1,177,176,178,-1,177,178,144,-1,144,178,179,-1,144,179,145,-1,150,152,180,-1,180,152,181,-1,150,180,182,-1,150,182,148,-1,148,182,183,-1,148,183,146,-1,146,183,184,-1,146,184,144,-1,144,184,185,-1,144,185,177,-1,177,185,186,-1,177,186,175,-1,175,186,187,-1,175,187,173,-1,173,187,188,-1,173,188,171,-1,171,188,189,-1,171,189,169,-1,169,189,190,-1,169,190,167,-1,167,190,191,-1,167,191,165,-1,165,191,192,-1,165,192,163,-1,163,192,193,-1,163,193,161,-1,161,193,194,-1,161,194,159,-1,159,194,195,-1,159,195,156,-1,154,156,196,-1,196,156,195,-1,152,154,181,-1,181,154,196,-1,157,155,197,-1,197,155,198,-1,155,153,198,-1,198,153,199,-1,153,151,199,-1,199,151,200,-1,179,201,202,-1,179,202,145,-1,145,202,203,-1,145,203,147,-1,147,203,204,-1,147,204,149,-1,149,204,200,-1,149,200,151,-1,172,205,206,-1,172,206,174,-1,174,206,207,-1,174,207,176,-1,176,207,208,-1,176,208,178,-1,178,208,201,-1,178,201,179,-1,164,209,210,-1,164,210,166,-1,166,210,211,-1,166,211,168,-1,168,211,212,-1,168,212,170,-1,170,212,205,-1,170,205,172,-1,157,197,213,-1,157,213,158,-1,158,213,214,-1,158,214,160,-1,160,214,215,-1,160,215,162,-1,162,215,209,-1,162,209,164,-1,
        ]
    }
}
Shape{
    appearance Appearance {
        material  Material 	{
            diffuseColor 0.996078431372549 0.8705882352941177 0.7607843137254902
            specularColor 0.4980392156862745 0.43529411764705883 0.3803921568627451
            ambientIntensity 0.2
            transparency 0
            shininess 0.5
        }
    }
    geometry IndexedFaceSet {
        ccw TRUE
        solid FALSE
        coord DEF co Coordinate {
            point [
                0.2145 0.5457 0.3937, 0.2155 0.5465 0.3937, 0.1951 0.5998 0.3937, 0.2094 0.5421 0.3937, 0.18 0.5999 0.3937, 0.18 0.5382 0.3937, 0.1921 0.5999 0.3937, 0.1917 0.5382 0.3937, 0.2028 0.5395 0.3937, 0.2191 0.551 0.3937, 0.222 0.5568 0.3937, 0.2236 0.5639 0.3937, 0.2152 0.5924 0.3937, 0.224 0.5698 0.3937, 0.2103 0.5958 0.3937, 0.2035 0.5985 0.3937, 0.2228 0.5799 0.3937, 0.2206 0.5857 0.3937, 0.2174 0.5902 0.3937, 0.2174 0.5902 0.3937
            ]
        }
        coordIndex [
            0,1,2,-1,0,2,3,-1,4,5,6,-1,6,5,7,-1,6,7,2,-1,2,7,8,-1,2,8,3,-1,1,9,2,-1,2,9,10,-1,2,10,11,-1,12,11,13,-1,12,14,11,-1,11,14,15,-1,11,15,2,-1,16,17,13,-1,13,17,18,-1,13,18,12,-1,
        ]
    }
}
Shape{
    appearance Appearance {
        material  Material 	{
            diffuseColor 0.0 0.0 0.0
            specularColor 0.0 0.0 0.0
            ambientIntensity 0.2
            transparency 0
            shininess 0.5
        }
    }
    geometry IndexedFaceSet {
        ccw TRUE
        solid FALSE
        coord DEF co Coordinate {
            point [
                0.2617 0.56 0.3976, 0.2584 0.551 0.3976, 0.2886 0.56 0.3976, 0.2918 0.551 0.3976, 0.2737 0.5933 0.3976, 0.2698 0.6091 0.3976, 0.2393 0.5291 0.3976, 0.2507 0.5291 0.3976, 0.2744 0.5957 0.3976, 0.275 0.5989 0.3976, 0.2809 0.6091 0.3976, 0.2752 0.5989 0.3976, 0.2759 0.5955 0.3976, 0.2765 0.5933 0.3976, 0.3114 0.5291 0.3976, 0.2999 0.5291 0.3976, 0.2809 0.6091 0.3937, 0.3114 0.5291 0.3937, 0.2698 0.6091 0.3937, 0.2393 0.5291 0.3937, 0.2624 0.5897 0.3937, 0.2507 0.5291 0.3937, 0.2584 0.551 0.3937, 0.2918 0.551 0.3937, 0.2624 0.551 0.3937, 0.2999 0.5291 0.3937, 0.2617 0.56 0.3937, 0.2886 0.56 0.3937, 0.2765 0.5933 0.3937, 0.2752 0.5989 0.3937, 0.2759 0.5955 0.3937, 0.275 0.5989 0.3937, 0.2737 0.5933 0.3937, 0.2744 0.5957 0.3937, 0.2744 0.5957 0.3937
            ]
        }
        coordIndex [
            0,1,2,-1,2,1,3,-1,4,5,0,-1,0,5,6,-1,0,6,1,-1,1,6,7,-1,4,8,5,-1,5,8,9,-1,5,9,10,-1,10,9,11,-1,10,11,12,-1,12,13,10,-1,10,13,2,-1,10,2,14,-1,14,2,3,-1,14,3,15,-1,10,14,16,-1,16,14,17,-1,5,10,18,-1,18,10,16,-1,19,6,20,-1,20,6,5,-1,20,5,18,-1,7,6,21,-1,21,6,19,-1,1,7,22,-1,22,7,21,-1,23,3,24,-1,24,3,1,-1,24,1,22,-1,15,3,25,-1,25,3,23,-1,14,15,17,-1,17,15,25,-1,0,2,26,-1,26,2,27,-1,2,13,27,-1,27,13,28,-1,11,29,30,-1,11,30,12,-1,12,30,28,-1,12,28,13,-1,11,9,29,-1,29,9,31,-1,4,32,33,-1,4,33,8,-1,8,33,31,-1,8,31,9,-1,4,0,32,-1,32,0,26,-1,
        ]
    }
}
Shape{
    appearance Appearance {
        material  Material 	{
            diffuseColor 0.996078431372549 0.8705882352941177 0.7607843137254902
            specularColor 0.4980392156862745 0.43529411764705883 0.3803921568627451
            ambientIntensity 0.2
            transparency 0
            shininess 0.5
        }
    }
    geometry IndexedFaceSet {
        ccw TRUE
        solid FALSE
        coord DEF co Coordinate {
            point [
                0.2752 0.5989 0.3937, 0.275 0.5989 0.3937, 0.2759 0.5955 0.3937, 0.2744 0.5957 0.3937, 0.2765 0.5933 0.3937, 0.2737 0.5933 0.3937, 0.2886 0.56 0.3937, 0.2617 0.56 0.3937, 0.2617 0.56 0.3937
            ]
        }
        coordIndex [
            0,1,2,-1,2,1,3,-1,2,3,4,-1,4,3,5,-1,4,5,6,-1,6,5,7,-1,
        ]
    }
}
Shape{
    appearance Appearance {
        material  Material 	{
            diffuseColor 0.0 0.0 0.0
            specularColor 0.0 0.0 0.0
            ambientIntensity 0.2
            transparency 0
            shininess 0.5
        }
    }
    geometry IndexedFaceSet {
        ccw TRUE
        solid FALSE
        coord DEF co Coordinate {
            point [
                0.0331 0.4112 0.3976, 0.0331 0.402 0.3976, 0.0331 0.4112 0.3937, 0.0331 0.402 0.3937, 0.0004 0.4112 0.3976, 0.0004 0.4112 0.3937, 0.0004 0.4381 0.3976, 0.0004 0.4381 0.3937, 0.029 0.4381 0.3976, 0.029 0.4381 0.3937, 0.029 0.4473 0.3976, 0.029 0.4473 0.3937, 0.0004 0.4473 0.3976, 0.0004 0.4473 0.3937, 0.0004 0.4729 0.3976, 0.0004 0.4729 0.3937, 0.0313 0.4729 0.3976, 0.0313 0.4729 0.3937, 0.0313 0.4821 0.3976, 0.0313 0.4821 0.3937, -0.01 0.4821 0.3976, -0.01 0.4821 0.3937, -0.01 0.402 0.3976, -0.01 0.402 0.3937, 0.0786 0.402 0.3976, 0.0886 0.402 0.3976, 0.0786 0.4109 0.3976, 0.0886 0.4388 0.3976, 0.0783 0.4109 0.3976, 0.0731 0.4124 0.3976, 0.0763 0.4079 0.3976, 0.0702 0.4104 0.3976, 0.0587 0.4274 0.3976, 0.0652 0.4289 0.3976, 0.0786 0.4307 0.3976, 0.0786 0.4253 0.3976, 0.0786 0.4246 0.3976, 0.078 0.4201 0.3976, 0.0765 0.4165 0.3976, 0.0743 0.4136 0.3976, 0.0748 0.4598 0.3976, 0.0728 0.4512 0.3976, 0.0789 0.4584 0.3976, 0.0745 0.4501 0.3976, 0.0565 0.4262 0.3976, 0.0786 0.4384 0.3976, 0.0783 0.4428 0.3976, 0.0877 0.4472 0.3976, 0.0772 0.4464 0.3976, 0.086 0.4515 0.3976, 0.076 0.4485 0.3976, 0.0839 0.4547 0.3976, 0.0821 0.4564 0.3976, 0.0483 0.4552 0.3976, 0.0483 0.4455 0.3976, 0.0503 0.4564 0.3976, 0.0552 0.4498 0.3976, 0.0578 0.4593 0.3976, 0.0615 0.4519 0.3976, 0.068 0.4605 0.3976, 0.067 0.4524 0.3976, 0.0704 0.452 0.3976, 0.0549 0.4124 0.3976, 0.0476 0.4052 0.3976, 0.0558 0.4115 0.3976, 0.051 0.4028 0.3976, 0.0578 0.4101 0.3976, 0.0548 0.4014 0.3976, 0.06 0.4093 0.3976, 0.0608 0.4007 0.3976, 0.0634 0.4089 0.3976, 0.0663 0.4013 0.3976, 0.0672 0.4093 0.3976, 0.0703 0.4028 0.3976, 0.073 0.4046 0.3976, 0.0617 0.436 0.3976, 0.0534 0.4339 0.3976, 0.0555 0.4254 0.3976, 0.0494 0.4317 0.3976, 0.0543 0.4239 0.3976, 0.0464 0.4289 0.3976, 0.0534 0.4221 0.3976, 0.0444 0.4257 0.3976, 0.0529 0.4198 0.3976, 0.0431 0.422 0.3976, 0.0529 0.4182 0.3976, 0.0427 0.4174 0.3976, 0.0531 0.4159 0.3976, 0.0432 0.4128 0.3976, 0.0538 0.414 0.3976, 0.0444 0.4094 0.3976, 0.0465 0.4063 0.3976, 0.068 0.4605 0.3937, 0.0578 0.4593 0.3937, 0.0503 0.4564 0.3937, 0.0483 0.4552 0.3937, 0.0483 0.4455 0.3937, 0.0552 0.4498 0.3937, 0.0615 0.4519 0.3937, 0.067 0.4524 0.3937, 0.0704 0.452 0.3937, 0.0728 0.4512 0.3937, 0.0745 0.4501 0.3937, 0.076 0.4485 0.3937, 0.0772 0.4464 0.3937, 0.0783 0.4428 0.3937, 0.0786 0.4384 0.3937, 0.0617 0.436 0.3937, 0.0534 0.4339 0.3937, 0.0494 0.4317 0.3937, 0.0464 0.4289 0.3937, 0.0444 0.4257 0.3937, 0.0431 0.422 0.3937, 0.0427 0.4174 0.3937, 0.0432 0.4128 0.3937, 0.0444 0.4094 0.3937, 0.0465 0.4063 0.3937, 0.0476 0.4052 0.3937, 0.0608 0.4007 0.3937, 0.055 0.4014 0.3937, 0.0548 0.4014 0.3937, 0.051 0.4028 0.3937, 0.0663 0.4013 0.3937, 0.0664 0.4014 0.3937, 0.0703 0.4028 0.3937, 0.073 0.4046 0.3937, 0.0763 0.4079 0.3937, 0.0783 0.4109 0.3937, 0.0786 0.4109 0.3937, 0.0786 0.402 0.3937, 0.0886 0.402 0.3937, 0.0886 0.4388 0.3937, 0.0877 0.4472 0.3937, 0.086 0.4515 0.3937, 0.0839 0.4547 0.3937, 0.0821 0.4564 0.3937, 0.0789 0.4584 0.3937, 0.0748 0.4598 0.3937, 0.0555 0.4254 0.3937, 0.0565 0.4262 0.3937, 0.0587 0.4274 0.3937, 0.0652 0.4289 0.3937, 0.0529 0.4182 0.3937, 0.0529 0.4198 0.3937, 0.0534 0.4221 0.3937, 0.0543 0.4239 0.3937, 0.0558 0.4115 0.3937, 0.0549 0.4124 0.3937, 0.0538 0.414 0.3937, 0.0531 0.4159 0.3937, 0.0634 0.4089 0.3937, 0.06 0.4093 0.3937, 0.0578 0.4101 0.3937, 0.0743 0.4136 0.3937, 0.0731 0.4124 0.3937, 0.0702 0.4104 0.3937, 0.0672 0.4093 0.3937, 0.0786 0.4253 0.3937, 0.0786 0.4246 0.3937, 0.078 0.4201 0.3937, 0.0765 0.4165 0.3937, 0.0786 0.4307 0.3937, 0.0786 0.4307 0.3937
            ]
        }
        coordIndex [
            0,1,2,-1,2,1,3,-1,4,0,5,-1,5,0,2,-1,6,4,7,-1,7,4,5,-1,8,6,9,-1,9,6,7,-1,10,8,11,-1,11,8,9,-1,12,10,13,-1,13,10,11,-1,14,12,15,-1,15,12,13,-1,16,14,17,-1,17,14,15,-1,18,16,19,-1,19,16,17,-1,20,18,21,-1,21,18,19,-1,22,20,23,-1,23,20,21,-1,1,22,3,-1,3,22,23,-1,22,1,0,-1,0,4,22,-1,22,4,6,-1,22,6,20,-1,16,18,14,-1,14,18,20,-1,14,20,12,-1,12,20,6,-1,12,6,10,-1,10,6,8,-1,24,25,26,-1,26,25,27,-1,28,29,30,-1,30,29,31,-1,32,33,27,-1,27,33,34,-1,27,34,35,-1,35,36,27,-1,27,36,37,-1,27,37,26,-1,26,37,38,-1,26,38,28,-1,28,38,39,-1,28,39,29,-1,40,41,42,-1,42,41,43,-1,44,32,45,-1,45,32,27,-1,45,27,46,-1,46,27,47,-1,46,47,48,-1,48,47,49,-1,48,49,50,-1,50,49,51,-1,50,51,43,-1,43,51,52,-1,43,52,42,-1,53,54,55,-1,55,54,56,-1,55,56,57,-1,57,56,58,-1,57,58,59,-1,59,58,60,-1,59,60,40,-1,40,60,61,-1,40,61,41,-1,62,63,64,-1,64,63,65,-1,64,65,66,-1,66,65,67,-1,66,67,68,-1,68,67,69,-1,68,69,70,-1,70,69,71,-1,70,71,72,-1,72,71,73,-1,72,73,31,-1,31,73,74,-1,31,74,30,-1,45,75,44,-1,44,75,76,-1,44,76,77,-1,77,76,78,-1,77,78,79,-1,79,78,80,-1,79,80,81,-1,81,80,82,-1,81,82,83,-1,83,82,84,-1,83,84,85,-1,85,84,86,-1,85,86,87,-1,87,86,88,-1,87,88,89,-1,89,88,90,-1,89,90,62,-1,62,90,91,-1,62,91,63,-1,59,92,93,-1,59,93,57,-1,57,93,94,-1,57,94,55,-1,55,94,95,-1,55,95,53,-1,54,53,96,-1,96,53,95,-1,54,96,97,-1,54,97,56,-1,56,97,98,-1,56,98,58,-1,58,98,99,-1,58,99,60,-1,60,99,100,-1,60,100,61,-1,61,100,101,-1,61,101,41,-1,41,101,102,-1,41,102,43,-1,43,102,103,-1,43,103,50,-1,50,103,104,-1,50,104,48,-1,48,104,105,-1,48,105,46,-1,46,105,106,-1,46,106,45,-1,75,45,107,-1,107,45,106,-1,75,107,108,-1,75,108,76,-1,76,108,109,-1,76,109,78,-1,78,109,110,-1,78,110,80,-1,80,110,111,-1,80,111,82,-1,82,111,112,-1,82,112,84,-1,84,112,113,-1,84,113,86,-1,86,113,114,-1,86,114,88,-1,88,114,115,-1,88,115,90,-1,90,115,116,-1,90,116,91,-1,91,116,117,-1,91,117,63,-1,118,69,119,-1,119,69,67,-1,119,67,120,-1,120,67,65,-1,120,65,121,-1,121,65,63,-1,121,63,117,-1,69,118,122,-1,69,122,71,-1,71,122,123,-1,71,123,73,-1,123,124,73,-1,73,124,125,-1,73,125,74,-1,74,125,126,-1,74,126,30,-1,30,126,127,-1,30,127,28,-1,26,28,128,-1,128,28,127,-1,24,26,129,-1,129,26,128,-1,25,24,130,-1,130,24,129,-1,27,25,131,-1,131,25,130,-1,27,131,132,-1,27,132,47,-1,47,132,133,-1,47,133,49,-1,49,133,134,-1,49,134,51,-1,51,134,135,-1,51,135,52,-1,52,135,136,-1,52,136,42,-1,42,136,137,-1,42,137,40,-1,40,137,92,-1,40,92,59,-1,77,138,139,-1,77,139,44,-1,44,139,140,-1,44,140,32,-1,32,140,141,-1,32,141,33,-1,85,142,143,-1,85,143,83,-1,83,143,144,-1,83,144,81,-1,81,144,145,-1,81,145,79,-1,79,145,138,-1,79,138,77,-1,64,146,147,-1,64,147,62,-1,62,147,148,-1,62,148,89,-1,89,148,149,-1,89,149,87,-1,87,149,142,-1,87,142,85,-1,70,150,151,-1,70,151,68,-1,68,151,152,-1,68,152,66,-1,66,152,146,-1,66,146,64,-1,39,153,154,-1,39,154,29,-1,29,154,155,-1,29,155,31,-1,31,155,156,-1,31,156,72,-1,72,156,150,-1,72,150,70,-1,35,157,158,-1,35,158,36,-1,36,158,159,-1,36,159,37,-1,37,159,160,-1,37,160,38,-1,38,160,153,-1,38,153,39,-1,35,34,157,-1,157,34,161,-1,34,33,161,-1,161,33,141,-1,
        ]
    }
}
Shape{
    appearance Appearance {
        material  Material 	{
            diffuseColor 0.996078431372549 0.8705882352941177 0.7607843137254902
            specularColor 0.4980392156862745 0.43529411764705883 0.3803921568627451
            ambientIntensity 0.2
            transparency 0
            shininess 0.5
        }
    }
    geometry IndexedFaceSet {
        ccw TRUE
        solid FALSE
        coord DEF co Coordinate {
            point [
                0.0786 0.4246 0.3937, 0.0786 0.4253 0.3937, 0.0555 0.4254 0.3937, 0.0786 0.4307 0.3937, 0.0652 0.4289 0.3937, 0.0587 0.4274 0.3937, 0.0565 0.4262 0.3937, 0.078 0.4201 0.3937, 0.0543 0.4239 0.3937, 0.0765 0.4165 0.3937, 0.0549 0.4124 0.3937, 0.0558 0.4115 0.3937, 0.0731 0.4124 0.3937, 0.0538 0.414 0.3937, 0.0702 0.4104 0.3937, 0.0672 0.4093 0.3937, 0.0634 0.4089 0.3937, 0.0534 0.4221 0.3937, 0.0529 0.4198 0.3937, 0.0743 0.4136 0.3937, 0.0529 0.4182 0.3937, 0.0531 0.4159 0.3937, 0.0578 0.4101 0.3937, 0.06 0.4093 0.3937, 0.06 0.4093 0.3937
            ]
        }
        coordIndex [
            0,1,2,-1,1,3,4,-1,4,5,1,-1,1,5,6,-1,1,6,2,-1,0,2,7,-1,7,2,8,-1,7,8,9,-1,10,11,12,-1,10,12,13,-1,14,12,15,-1,15,12,16,-1,8,17,9,-1,9,17,18,-1,9,18,19,-1,19,18,20,-1,19,20,12,-1,12,20,21,-1,12,21,13,-1,11,22,12,-1,12,22,23,-1,12,23,16,-1,
        ]
    }
}
Shape{
    appearance Appearance {
        material  Material 	{
            diffuseColor 0.0 0.0 0.0
            specularColor 0.0 0.0 0.0
            ambientIntensity 0.2
            transparency 0
            shininess 0.5
        }
    }
    geometry IndexedFaceSet {
        ccw TRUE
        solid FALSE
        coord DEF co Coordinate {
            point [
                0.1022 0.4144 0.3937, 0.1022 0.4144 0.3976, 0.1065 0.4118 0.3976, 0.1187 0.4089 0.3976, 0.1187 0.4089 0.3937, 0.1129 0.4095 0.3937, 0.1129 0.4095 0.3976, 0.1069 0.4117 0.3937, 0.1065 0.4118 0.3937, 0.1022 0.404 0.3976, 0.1022 0.404 0.3937, 0.1093 0.4016 0.3976, 0.1069 0.4024 0.3937, 0.1177 0.4007 0.3937, 0.1177 0.4007 0.3976, 0.1112 0.4014 0.3937, 0.1093 0.4016 0.3937, 0.1268 0.4018 0.3976, 0.1234 0.4014 0.3937, 0.1268 0.4018 0.3937, 0.1321 0.4038 0.3937, 0.1321 0.4038 0.3976, 0.1344 0.4052 0.3937, 0.1344 0.4052 0.3976, 0.1373 0.4077 0.3937, 0.1373 0.4077 0.3976, 0.1391 0.4104 0.3937, 0.1391 0.4104 0.3976, 0.1404 0.4136 0.3937, 0.1404 0.4136 0.3976, 0.1409 0.4176 0.3937, 0.1409 0.4176 0.3976, 0.1404 0.4213 0.3937, 0.1404 0.4213 0.3976, 0.1394 0.4243 0.3937, 0.1394 0.4243 0.3976, 0.1375 0.4271 0.3937, 0.1375 0.4271 0.3976, 0.1351 0.4292 0.3937, 0.1351 0.4292 0.3976, 0.1284 0.4329 0.3937, 0.1284 0.4329 0.3976, 0.1246 0.4345 0.3937, 0.1246 0.4345 0.3976, 0.1159 0.4385 0.3937, 0.1159 0.4385 0.3976, 0.1148 0.4394 0.3937, 0.1148 0.4394 0.3976, 0.1138 0.4405 0.3937, 0.1138 0.4405 0.3976, 0.1131 0.4418 0.3937, 0.1131 0.4418 0.3976, 0.1127 0.4434 0.3937, 0.1127 0.4434 0.3976, 0.1126 0.4447 0.3937, 0.1126 0.4447 0.3976, 0.1128 0.4463 0.3937, 0.1128 0.4463 0.3976, 0.1133 0.4477 0.3937, 0.1133 0.4477 0.3976, 0.1142 0.4489 0.3937, 0.1142 0.4489 0.3976, 0.1157 0.4503 0.3937, 0.1157 0.4503 0.3976, 0.1179 0.4515 0.3937, 0.1179 0.4515 0.3976, 0.1206 0.4522 0.3937, 0.1206 0.4522 0.3976, 0.1236 0.4524 0.3937, 0.1236 0.4524 0.3976, 0.1297 0.4518 0.3937, 0.1297 0.4518 0.3976, 0.1354 0.4498 0.3937, 0.1354 0.4498 0.3976, 0.1381 0.4483 0.3937, 0.1381 0.4483 0.3976, 0.1381 0.458 0.3976, 0.1381 0.458 0.3937, 0.1316 0.4599 0.3937, 0.1316 0.4599 0.3976, 0.1246 0.4605 0.3937, 0.1246 0.4605 0.3976, 0.1166 0.4596 0.3937, 0.1166 0.4596 0.3976, 0.1112 0.4575 0.3937, 0.1112 0.4575 0.3976, 0.1087 0.456 0.3937, 0.1087 0.456 0.3976, 0.1069 0.4543 0.3937, 0.1057 0.4533 0.3976, 0.1057 0.4533 0.3937, 0.1039 0.4506 0.3937, 0.1039 0.4506 0.3976, 0.1027 0.4474 0.3937, 0.1027 0.4474 0.3976, 0.1023 0.4438 0.3937, 0.1023 0.4438 0.3976, 0.1027 0.4399 0.3937, 0.1027 0.4399 0.3976, 0.1038 0.4368 0.3937, 0.1038 0.4368 0.3976, 0.1051 0.4348 0.3937, 0.1051 0.4348 0.3976, 0.1175 0.4272 0.3937, 0.1175 0.4272 0.3976, 0.1115 0.4299 0.3976, 0.1068 0.433 0.3937, 0.1068 0.433 0.3976, 0.1069 0.433 0.3937, 0.1115 0.4299 0.3937, 0.1241 0.4244 0.3937, 0.1241 0.4244 0.3976, 0.128 0.4221 0.3937, 0.128 0.4221 0.3976, 0.1292 0.4208 0.3937, 0.1292 0.4208 0.3976, 0.13 0.4194 0.3937, 0.13 0.4194 0.3976, 0.1305 0.4179 0.3937, 0.1305 0.4179 0.3976, 0.1306 0.4166 0.3937, 0.1306 0.4166 0.3976, 0.1303 0.4147 0.3937, 0.1303 0.4147 0.3976, 0.1298 0.4133 0.3937, 0.1298 0.4133 0.3976, 0.129 0.412 0.3937, 0.129 0.412 0.3976, 0.1278 0.411 0.3937, 0.1278 0.411 0.3976, 0.1269 0.4104 0.3937, 0.1269 0.4104 0.3976, 0.1243 0.4095 0.3937, 0.1243 0.4095 0.3976, 0.1192 0.4089 0.3937, 0.1192 0.4089 0.3976, 0.1906 0.4592 0.3976, 0.201 0.4592 0.3976, 0.1906 0.4592 0.3937, 0.201 0.4592 0.3937, 0.175 0.4162 0.3976, 0.175 0.4162 0.3937, 0.1742 0.4135 0.3937, 0.1742 0.4135 0.3976, 0.1737 0.4115 0.3937, 0.1737 0.4115 0.3976, 0.1735 0.4115 0.3976, 0.1735 0.4115 0.3937, 0.1722 0.4162 0.3976, 0.1722 0.4162 0.3937, 0.1573 0.4592 0.3937, 0.1573 0.4592 0.3976, 0.1621 0.4453 0.3937, 0.1461 0.4592 0.3976, 0.1461 0.4592 0.3937, 0.1685 0.4022 0.3937, 0.1685 0.4022 0.3976, 0.1621 0.4184 0.3937, 0.1641 0.3918 0.3937, 0.1641 0.3918 0.3976, 0.1682 0.4014 0.3937, 0.1621 0.3882 0.3937, 0.1621 0.3881 0.3976, 0.1621 0.3881 0.3937, 0.1602 0.386 0.3937, 0.1602 0.386 0.3976, 0.1586 0.3849 0.3937, 0.1586 0.3849 0.3976, 0.1564 0.384 0.3937, 0.1564 0.384 0.3976, 0.1538 0.3837 0.3937, 0.1538 0.3837 0.3976, 0.1502 0.3842 0.3937, 0.1502 0.3842 0.3976, 0.1481 0.3848 0.3937, 0.1481 0.3848 0.3976, 0.1481 0.3759 0.3976, 0.1481 0.3759 0.3937, 0.1524 0.3752 0.3937, 0.1524 0.3752 0.3976, 0.1546 0.3751 0.3937, 0.1546 0.3751 0.3976, 0.1587 0.3756 0.3937, 0.1587 0.3756 0.3976, 0.1621 0.3769 0.3937, 0.1626 0.3771 0.3976, 0.1626 0.3771 0.3937, 0.1661 0.3795 0.3937, 0.1661 0.3795 0.3976, 0.1668 0.3802 0.3937, 0.1668 0.3802 0.3976, 0.1705 0.3846 0.3937, 0.1705 0.3846 0.3976, 0.175 0.3934 0.3937, 0.175 0.3934 0.3976, 0.1782 0.4014 0.3937, 0.2548 0.4112 0.3976, 0.2548 0.402 0.3976, 0.2548 0.4112 0.3937, 0.2548 0.402 0.3937, 0.2221 0.4112 0.3937, 0.2221 0.4112 0.3976, 0.2371 0.4112 0.3937, 0.2221 0.4381 0.3976, 0.2221 0.4381 0.3937, 0.2507 0.4381 0.3937, 0.2507 0.4381 0.3976, 0.2371 0.4381 0.3937, 0.2507 0.4473 0.3976, 0.2507 0.4473 0.3937, 0.2221 0.4473 0.3937, 0.2221 0.4473 0.3976, 0.2371 0.4473 0.3937, 0.2221 0.4729 0.3976, 0.2221 0.4729 0.3937, 0.253 0.4729 0.3937, 0.253 0.4729 0.3976, 0.2371 0.4729 0.3937, 0.253 0.4821 0.3976, 0.253 0.4821 0.3937, 0.2118 0.4821 0.3937, 0.2118 0.4821 0.3976, 0.2371 0.4821 0.3937, 0.2118 0.402 0.3976, 0.2118 0.402 0.3937, 0.2371 0.402 0.3937, 0.3231 0.4133 0.3976, 0.3148 0.4187 0.3976, 0.3147 0.4073 0.3976, 0.3097 0.4151 0.3976, 0.3056 0.4037 0.3976, 0.3031 0.4125 0.3976, 0.292 0.402 0.3976, 0.2919 0.4112 0.3976, 0.27 0.402 0.3976, 0.2803 0.4112 0.3976, 0.27 0.4821 0.3976, 0.2803 0.4729 0.3976, 0.2928 0.4821 0.3976, 0.2924 0.4729 0.3976, 0.2954 0.4728 0.3976, 0.305 0.4808 0.3976, 0.3038 0.4715 0.3976, 0.3147 0.4772 0.3976, 0.3106 0.4688 0.3976, 0.3231 0.4715 0.3976, 0.3155 0.4654 0.3976, 0.3259 0.4688 0.3976, 0.3177 0.4632 0.3976, 0.3308 0.4618 0.3976, 0.3208 0.4587 0.3976, 0.3338 0.4542 0.3976, 0.3231 0.4529 0.3976, 0.3352 0.4431 0.3976, 0.3243 0.4428 0.3976, 0.3349 0.438 0.3976, 0.3239 0.4369 0.3976, 0.333 0.4286 0.3976, 0.3222 0.4298 0.3976, 0.329 0.4203 0.3976, 0.3194 0.4239 0.3976, 0.3157 0.4195 0.3976, 0.292 0.402 0.3937, 0.27 0.402 0.3937, 0.3056 0.4037 0.3937, 0.3147 0.4073 0.3937, 0.3231 0.4133 0.3937, 0.329 0.4203 0.3937, 0.333 0.4286 0.3937, 0.3349 0.438 0.3937, 0.3352 0.4431 0.3937, 0.3338 0.4542 0.3937, 0.3308 0.4618 0.3937, 0.3259 0.4688 0.3937, 0.3231 0.4715 0.3937, 0.3147 0.4772 0.3937, 0.305 0.4808 0.3937, 0.2928 0.4821 0.3937, 0.27 0.4821 0.3937, 0.2924 0.4729 0.3937, 0.2803 0.4729 0.3937, 0.2803 0.4112 0.3937, 0.2919 0.4112 0.3937, 0.3157 0.4195 0.3937, 0.3148 0.4187 0.3937, 0.3097 0.4151 0.3937, 0.3031 0.4125 0.3937, 0.3243 0.4428 0.3937, 0.3239 0.4369 0.3937, 0.3222 0.4298 0.3937, 0.3194 0.4239 0.3937, 0.3155 0.4654 0.3937, 0.3177 0.4632 0.3937, 0.3208 0.4587 0.3937, 0.3231 0.4529 0.3937, 0.2954 0.4728 0.3937, 0.3038 0.4715 0.3937, 0.3106 0.4688 0.3937, 0.3106 0.4688 0.3937
            ]
        }
        coordIndex [
            0,1,2,-1,3,4,5,-1,3,5,6,-1,6,5,7,-1,6,7,2,-1,2,7,8,-1,2,8,0,-1,9,1,10,-1,10,1,0,-1,9,10,11,-1,11,10,12,-1,13,14,15,-1,15,14,11,-1,15,11,16,-1,16,11,12,-1,14,13,17,-1,17,13,18,-1,18,19,17,-1,17,19,20,-1,17,20,21,-1,21,20,22,-1,21,22,23,-1,23,22,24,-1,23,24,25,-1,25,24,26,-1,25,26,27,-1,27,26,28,-1,27,28,29,-1,29,28,30,-1,29,30,31,-1,31,30,32,-1,31,32,33,-1,33,32,34,-1,33,34,35,-1,35,34,36,-1,35,36,37,-1,37,36,38,-1,37,38,39,-1,39,38,40,-1,39,40,41,-1,41,40,42,-1,41,42,43,-1,43,42,44,-1,43,44,45,-1,45,44,46,-1,45,46,47,-1,47,46,48,-1,47,48,49,-1,49,48,50,-1,49,50,51,-1,51,50,52,-1,51,52,53,-1,53,52,54,-1,53,54,55,-1,55,54,56,-1,55,56,57,-1,57,56,58,-1,57,58,59,-1,59,58,60,-1,59,60,61,-1,61,60,62,-1,61,62,63,-1,63,62,64,-1,63,64,65,-1,65,64,66,-1,65,66,67,-1,67,66,68,-1,67,68,69,-1,69,68,70,-1,69,70,71,-1,71,70,72,-1,71,72,73,-1,73,72,74,-1,73,74,75,-1,76,75,77,-1,77,75,74,-1,76,77,78,-1,76,78,79,-1,79,78,80,-1,79,80,81,-1,81,80,82,-1,81,82,83,-1,83,82,84,-1,83,84,85,-1,85,84,86,-1,85,86,87,-1,86,88,87,-1,87,88,89,-1,88,90,89,-1,89,90,91,-1,89,91,92,-1,92,91,93,-1,92,93,94,-1,94,93,95,-1,94,95,96,-1,96,95,97,-1,96,97,98,-1,98,97,99,-1,98,99,100,-1,100,99,101,-1,100,101,102,-1,103,104,105,-1,102,101,106,-1,102,106,107,-1,107,106,108,-1,107,108,105,-1,105,108,109,-1,105,109,103,-1,104,103,110,-1,104,110,111,-1,111,110,112,-1,111,112,113,-1,113,112,114,-1,113,114,115,-1,115,114,116,-1,115,116,117,-1,117,116,118,-1,117,118,119,-1,119,118,120,-1,119,120,121,-1,121,120,122,-1,121,122,123,-1,123,122,124,-1,123,124,125,-1,125,124,126,-1,125,126,127,-1,127,126,128,-1,127,128,129,-1,129,128,130,-1,129,130,131,-1,131,130,132,-1,131,132,133,-1,133,132,134,-1,133,134,135,-1,135,134,4,-1,135,4,3,-1,61,63,85,-1,85,63,83,-1,14,3,11,-1,11,3,6,-1,11,6,9,-1,9,6,2,-1,9,2,1,-1,63,65,83,-1,83,65,67,-1,83,67,81,-1,81,67,69,-1,81,69,79,-1,79,69,71,-1,79,71,76,-1,76,71,73,-1,76,73,75,-1,127,129,21,-1,21,129,131,-1,21,131,17,-1,17,131,133,-1,17,133,14,-1,14,133,135,-1,14,135,3,-1,85,87,61,-1,61,87,89,-1,61,89,59,-1,59,89,92,-1,59,92,57,-1,57,92,94,-1,57,94,55,-1,55,94,96,-1,55,96,53,-1,53,96,98,-1,53,98,51,-1,51,98,100,-1,51,100,49,-1,49,100,102,-1,49,102,47,-1,47,102,107,-1,47,107,45,-1,45,107,105,-1,45,105,43,-1,43,105,104,-1,43,104,41,-1,41,104,111,-1,41,111,39,-1,39,111,113,-1,39,113,37,-1,37,113,115,-1,37,115,35,-1,35,115,117,-1,35,117,33,-1,33,117,119,-1,33,119,31,-1,31,119,121,-1,31,121,29,-1,29,121,123,-1,29,123,27,-1,27,123,125,-1,27,125,25,-1,25,125,127,-1,25,127,23,-1,23,127,21,-1,136,137,138,-1,138,137,139,-1,140,136,141,-1,141,136,138,-1,140,141,142,-1,140,142,143,-1,143,142,144,-1,143,144,145,-1,146,145,147,-1,147,145,144,-1,148,146,149,-1,149,146,147,-1,150,151,152,-1,152,151,148,-1,152,148,149,-1,153,151,154,-1,154,151,150,-1,155,156,157,-1,157,156,153,-1,157,153,154,-1,158,159,160,-1,160,159,156,-1,160,156,155,-1,158,161,159,-1,159,161,162,-1,161,163,162,-1,162,163,164,-1,162,164,165,-1,165,164,166,-1,165,166,167,-1,167,166,168,-1,167,168,169,-1,169,168,170,-1,169,170,171,-1,171,170,172,-1,171,172,173,-1,173,172,174,-1,173,174,175,-1,176,175,177,-1,177,175,174,-1,176,177,178,-1,176,178,179,-1,179,178,180,-1,179,180,181,-1,181,180,182,-1,181,182,183,-1,183,182,184,-1,183,184,185,-1,184,186,185,-1,185,186,187,-1,185,187,188,-1,188,187,189,-1,188,189,190,-1,190,189,191,-1,190,191,192,-1,192,191,193,-1,192,193,194,-1,139,137,195,-1,195,137,194,-1,195,194,193,-1,143,145,194,-1,137,136,194,-1,194,136,140,-1,194,140,143,-1,151,153,148,-1,148,153,156,-1,148,156,146,-1,175,176,173,-1,173,176,179,-1,173,179,171,-1,171,179,181,-1,171,181,169,-1,169,181,183,-1,169,183,167,-1,167,183,185,-1,167,185,165,-1,145,146,194,-1,194,146,156,-1,194,156,192,-1,156,159,192,-1,192,159,162,-1,192,162,190,-1,190,162,165,-1,190,165,188,-1,188,165,185,-1,196,197,198,-1,198,197,199,-1,200,201,202,-1,202,201,196,-1,202,196,198,-1,203,201,204,-1,204,201,200,-1,205,206,207,-1,207,206,203,-1,207,203,204,-1,208,206,209,-1,209,206,205,-1,210,211,212,-1,212,211,208,-1,212,208,209,-1,213,211,214,-1,214,211,210,-1,215,216,217,-1,217,216,213,-1,217,213,214,-1,218,216,219,-1,219,216,215,-1,220,221,222,-1,222,221,218,-1,222,218,219,-1,223,221,224,-1,224,221,220,-1,199,197,225,-1,225,197,223,-1,225,223,224,-1,223,197,196,-1,196,201,223,-1,223,201,203,-1,223,203,221,-1,216,218,213,-1,213,218,221,-1,213,221,211,-1,211,221,203,-1,211,203,208,-1,208,203,206,-1,226,227,228,-1,228,227,229,-1,228,229,230,-1,230,229,231,-1,230,231,232,-1,232,231,233,-1,232,233,234,-1,234,233,235,-1,234,235,236,-1,236,235,237,-1,236,237,238,-1,237,239,238,-1,238,239,240,-1,238,240,241,-1,241,240,242,-1,241,242,243,-1,243,242,244,-1,243,244,245,-1,245,244,246,-1,245,246,247,-1,247,246,248,-1,247,248,249,-1,249,248,250,-1,249,250,251,-1,251,250,252,-1,251,252,253,-1,253,252,254,-1,253,254,255,-1,255,254,256,-1,255,256,257,-1,257,256,258,-1,257,258,259,-1,259,258,260,-1,259,260,226,-1,226,260,261,-1,226,261,227,-1,232,234,262,-1,262,234,263,-1,232,262,264,-1,232,264,230,-1,230,264,265,-1,230,265,228,-1,228,265,266,-1,228,266,226,-1,226,266,267,-1,226,267,259,-1,259,267,268,-1,259,268,257,-1,257,268,269,-1,257,269,255,-1,255,269,270,-1,255,270,253,-1,253,270,271,-1,253,271,251,-1,251,271,272,-1,251,272,249,-1,249,272,273,-1,249,273,247,-1,247,273,274,-1,247,274,245,-1,245,274,275,-1,245,275,243,-1,243,275,276,-1,243,276,241,-1,241,276,277,-1,241,277,238,-1,236,238,278,-1,278,238,277,-1,234,236,263,-1,263,236,278,-1,239,237,279,-1,279,237,280,-1,237,235,280,-1,280,235,281,-1,235,233,281,-1,281,233,282,-1,261,283,284,-1,261,284,227,-1,227,284,285,-1,227,285,229,-1,229,285,286,-1,229,286,231,-1,231,286,282,-1,231,282,233,-1,254,287,288,-1,254,288,256,-1,256,288,289,-1,256,289,258,-1,258,289,290,-1,258,290,260,-1,260,290,283,-1,260,283,261,-1,246,291,292,-1,246,292,248,-1,248,292,293,-1,248,293,250,-1,250,293,294,-1,250,294,252,-1,252,294,287,-1,252,287,254,-1,239,279,295,-1,239,295,240,-1,240,295,296,-1,240,296,242,-1,242,296,297,-1,242,297,244,-1,244,297,291,-1,244,291,246,-1,
        ]
    }
}
Shape{
    appearance Appearance {
        material  Material 	{
            diffuseColor 0.996078431372549 0.8705882352941177 0.7607843137254902
            specularColor 0.4980392156862745 0.43529411764705883 0.3803921568627451
            ambientIntensity 0.2
            transparency 0
            shininess 0.5
        }
    }
    geometry IndexedFaceSet {
        ccw TRUE
        solid FALSE
        coord DEF co Coordinate {
            point [
                0.3148 0.4187 0.3937, 0.3157 0.4195 0.3937, 0.2954 0.4728 0.3937, 0.3097 0.4151 0.3937, 0.2803 0.4729 0.3937, 0.2803 0.4112 0.3937, 0.2924 0.4729 0.3937, 0.2919 0.4112 0.3937, 0.3031 0.4125 0.3937, 0.3194 0.4239 0.3937, 0.3222 0.4298 0.3937, 0.3239 0.4369 0.3937, 0.3155 0.4654 0.3937, 0.3243 0.4428 0.3937, 0.3106 0.4688 0.3937, 0.3038 0.4715 0.3937, 0.3231 0.4529 0.3937, 0.3208 0.4587 0.3937, 0.3177 0.4632 0.3937, 0.3177 0.4632 0.3937
            ]
        }
        coordIndex [
            0,1,2,-1,0,2,3,-1,4,5,6,-1,6,5,7,-1,6,7,2,-1,2,7,8,-1,2,8,3,-1,1,9,2,-1,2,9,10,-1,2,10,11,-1,12,11,13,-1,12,14,11,-1,11,14,15,-1,11,15,2,-1,16,17,13,-1,13,17,18,-1,13,18,12,-1,
        ]
    }
}
Shape{
    appearance Appearance {
        material  Material 	{
            diffuseColor 0.0 0.0 0.0
            specularColor 0.0 0.0 0.0
            ambientIntensity 0.2
            transparency 0
            shininess 0.5
        }
    }
    geometry IndexedFaceSet {
        ccw TRUE
        solid FALSE
        coord DEF co Coordinate {
            point [
                0.362 0.433 0.3976, 0.3587 0.4239 0.3976, 0.3889 0.433 0.3976, 0.3921 0.4239 0.3976, 0.374 0.4663 0.3976, 0.3701 0.4821 0.3976, 0.3396 0.402 0.3976, 0.351 0.402 0.3976, 0.3747 0.4687 0.3976, 0.3753 0.4719 0.3976, 0.3811 0.4821 0.3976, 0.3755 0.4719 0.3976, 0.3762 0.4685 0.3976, 0.3768 0.4663 0.3976, 0.4116 0.402 0.3976, 0.4002 0.402 0.3976, 0.3811 0.4821 0.3937, 0.4116 0.402 0.3937, 0.3701 0.4821 0.3937, 0.3396 0.402 0.3937, 0.351 0.402 0.3937, 0.3587 0.4239 0.3937, 0.3921 0.4239 0.3937, 0.4002 0.402 0.3937, 0.362 0.433 0.3937, 0.3889 0.433 0.3937, 0.3768 0.4663 0.3937, 0.3755 0.4719 0.3937, 0.3762 0.4685 0.3937, 0.3753 0.4719 0.3937, 0.374 0.4663 0.3937, 0.3747 0.4687 0.3937, 0.3747 0.4687 0.3937
            ]
        }
        coordIndex [
            0,1,2,-1,2,1,3,-1,4,5,0,-1,0,5,6,-1,0,6,1,-1,1,6,7,-1,4,8,5,-1,5,8,9,-1,5,9,10,-1,10,9,11,-1,10,11,12,-1,12,13,10,-1,10,13,2,-1,10,2,14,-1,14,2,3,-1,14,3,15,-1,10,14,16,-1,16,14,17,-1,5,10,18,-1,18,10,16,-1,6,5,19,-1,19,5,18,-1,7,6,20,-1,20,6,19,-1,1,7,21,-1,21,7,20,-1,3,1,22,-1,22,1,21,-1,15,3,23,-1,23,3,22,-1,14,15,17,-1,17,15,23,-1,0,2,24,-1,24,2,25,-1,2,13,25,-1,25,13,26,-1,11,27,28,-1,11,28,12,-1,12,28,26,-1,12,26,13,-1,11,9,27,-1,27,9,29,-1,4,30,31,-1,4,31,8,-1,8,31,29,-1,8,29,9,-1,4,0,30,-1,30,0,24,-1,
        ]
    }
}
Shape{
    appearance Appearance {
        material  Material 	{
            diffuseColor 0.996078431372549 0.8705882352941177 0.7607843137254902
            specularColor 0.4980392156862745 0.43529411764705883 0.3803921568627451
            ambientIntensity 0.2
            transparency 0
            shininess 0.5
        }
    }
    geometry IndexedFaceSet {
        ccw TRUE
        solid FALSE
        coord DEF co Coordinate {
            point [
                0.3755 0.4719 0.3937, 0.3753 0.4719 0.3937, 0.3762 0.4685 0.3937, 0.3747 0.4687 0.3937, 0.3768 0.4663 0.3937, 0.374 0.4663 0.3937, 0.3889 0.433 0.3937, 0.362 0.433 0.3937, 0.362 0.433 0.3937
            ]
        }
        coordIndex [
            0,1,2,-1,2,1,3,-1,2,3,4,-1,4,3,5,-1,4,5,6,-1,6,5,7,-1,
        ]
    }
}
Shape{
    appearance Appearance {
        material  Material 	{
            diffuseColor 0.0 0.0 0.0
            specularColor 0.0 0.0 0.0
            ambientIntensity 0.2
            transparency 0
            shininess 0.5
        }
    }
    geometry IndexedFaceSet {
        ccw TRUE
        solid FALSE
        coord DEF co Coordinate {
            point [
                -0.3636 0.3907 0.3976, -0.3551 0.3802 0.3976, -0.3687 0.441 0.3976, -0.3786 0.54 0.3976, -0.3659 0.5467 0.3976, -0.3682 0.5819 0.3976, -0.3334 0.5834 0.3976, -0.3158 0.5418 0.3976, -0.3071 0.5598 0.3976, -0.2583 0.4211 0.3976, -0.2583 0.4268 0.3976, -0.3063 0.4406 0.3976, -0.3117 0.4424 0.3976, -0.3465 0.5845 0.3976, -0.2979 0.4337 0.3976, -0.2953 0.4291 0.3976, -0.2586 0.4152 0.3976, -0.1786 0.4689 0.3976, -0.1962 0.4991 0.3976, -0.2725 0.4593 0.3976, -0.3158 0.4428 0.3976, -0.3306 0.404 0.3976, -0.326 0.4009 0.3976, -0.344 0.3719 0.3976, -0.3207 0.3989 0.3976, -0.3209 0.4421 0.3976, -0.3288 0.4769 0.3976, -0.3259 0.4403 0.3976, -0.3414 0.4721 0.3976, -0.3304 0.4372 0.3976, -0.353 0.4641 0.3976, -0.3339 0.4334 0.3976, -0.3624 0.4533 0.3976, -0.3365 0.4285 0.3976, -0.3379 0.423 0.3976, -0.3811 0.4487 0.3976, -0.3775 0.4054 0.3976, -0.3693 0.4029 0.3976, -0.3017 0.4377 0.3976, -0.2945 0.4748 0.3976, -0.3083 0.4782 0.3976, -0.3152 0.4786 0.3976, -0.1598 0.5253 0.3976, -0.1553 0.5253 0.3976, -0.1319 0.556 0.3976, -0.1444 0.524 0.3976, -0.1291 0.5551 0.3976, -0.1345 0.5201 0.3976, -0.1121 0.5467 0.3976, -0.0967 0.5336 0.3976, -0.3218 0.597 0.3976, -0.2943 0.5751 0.3976, -0.3084 0.6084 0.3976, -0.279 0.5862 0.3976, -0.2909 0.6188 0.3976, -0.3518 0.55 0.3976, -0.346 0.5503 0.3976, -0.34 0.5841 0.3976, -0.3327 0.5487 0.3976, -0.3199 0.5441 0.3976, -0.0966 0.4274 0.3976, -0.1232 0.45 0.3976, -0.1121 0.4143 0.3976, -0.1316 0.4431 0.3976, -0.1295 0.4058 0.3976, -0.1416 0.4384 0.3976, -0.1484 0.4018 0.3976, -0.1518 0.4365 0.3976, -0.182 0.4018 0.3976, -0.1775 0.4365 0.3976, -0.1852 0.4023 0.3976, -0.4012 0.5072 0.3976, -0.4386 0.4984 0.3976, -0.4029 0.4934 0.3976, -0.4388 0.4923 0.3976, -0.4022 0.4847 0.3976, -0.4362 0.4707 0.3976, -0.3981 0.4708 0.3976, -0.4282 0.4495 0.3976, -0.3913 0.4592 0.3976, -0.4148 0.4302 0.3976, -0.3979 0.4156 0.3976, -0.2825 0.4683 0.3976, -0.1257 0.514 0.3976, -0.1191 0.5066 0.3976, -0.0851 0.5174 0.3976, -0.1138 0.4968 0.3976, -0.0781 0.5 0.3976, -0.1111 0.4859 0.3976, -0.0756 0.4815 0.3976, -0.1108 0.4809 0.3976, -0.0782 0.4611 0.3976, -0.1122 0.4698 0.3976, -0.0853 0.4431 0.3976, -0.1161 0.4597 0.3976, -0.1224 0.4508 0.3976, -0.1627 0.601 0.3976, -0.1849 0.5748 0.3976, -0.1422 0.5768 0.3976, -0.172 0.5595 0.3976, -0.1633 0.5411 0.3976, -0.3894 0.5739 0.3976, -0.4076 0.5613 0.3976, -0.3884 0.5312 0.3976, -0.412 0.5572 0.3976, -0.3963 0.5199 0.3976, -0.4254 0.5402 0.3976, -0.4346 0.5197 0.3976, -0.3342 0.4081 0.3976, -0.3366 0.4128 0.3976, -0.3379 0.4181 0.3976, -0.2644 0.628 0.3976, -0.2604 0.5938 0.3976, -0.2401 0.6306 0.3976, -0.2395 0.5965 0.3976, -0.2166 0.6282 0.3976, -0.2202 0.5941 0.3976, -0.188 0.6181 0.3976, -0.2024 0.5873 0.3976, -0.1864 0.5762 0.3976, -0.2938 0.4239 0.3976, -0.2937 0.4183 0.3976, -0.2619 0.4012 0.3976, -0.295 0.4128 0.3976, -0.2686 0.3885 0.3976, -0.2976 0.4079 0.3976, -0.2774 0.3786 0.3976, -0.3012 0.4038 0.3976, -0.2888 0.3708 0.3976, -0.3056 0.4008 0.3976, -0.3015 0.3659 0.3976, -0.3106 0.399 0.3976, -0.3152 0.3642 0.3976, -0.3158 0.3983 0.3976, -0.3174 0.3642 0.3976, -0.3309 0.3663 0.3976, -0.1803 0.437 0.3976, -0.194 0.4077 0.3976, -0.1927 0.4064 0.3976, -0.1786 0.4366 0.3976, -0.189 0.4038 0.3976, -0.1985 0.4194 0.3976, -0.198 0.4152 0.3976, -0.1965 0.4113 0.3976, -0.1853 0.4365 0.3976, -0.1892 0.435 0.3976, -0.1984 0.4217 0.3976, -0.1927 0.4325 0.3976, -0.195 0.4299 0.3976, -0.1972 0.426 0.3976, -0.1809 0.4371 0.3976, -0.093 0.5284 0.3937, -0.0851 0.5174 0.3937, -0.0801 0.5049 0.3937, -0.0781 0.5 0.3937, -0.0756 0.4815 0.3937, -0.0967 0.5336 0.3937, -0.1121 0.5467 0.3937, -0.1291 0.5551 0.3937, -0.1319 0.556 0.3937, -0.1422 0.5768 0.3937, -0.1627 0.601 0.3937, -0.1757 0.6098 0.3937, -0.188 0.6181 0.3937, -0.2166 0.6282 0.3937, -0.2401 0.6306 0.3937, -0.2644 0.628 0.3937, -0.2909 0.6188 0.3937, -0.3061 0.6098 0.3937, -0.3084 0.6084 0.3937, -0.3218 0.597 0.3937, -0.3334 0.5834 0.3937, -0.34 0.5841 0.3937, -0.3465 0.5845 0.3937, -0.3682 0.5819 0.3937, -0.3894 0.5739 0.3937, -0.4076 0.5613 0.3937, -0.412 0.5572 0.3937, -0.4254 0.5402 0.3937, -0.4307 0.5284 0.3937, -0.4346 0.5197 0.3937, -0.4373 0.5049 0.3937, -0.4386 0.4984 0.3937, -0.4388 0.4923 0.3937, -0.4362 0.4707 0.3937, -0.4282 0.4495 0.3937, -0.4148 0.4302 0.3937, -0.3979 0.4156 0.3937, -0.3775 0.4054 0.3937, -0.3693 0.4029 0.3937, -0.3686 0.4014 0.3937, -0.3636 0.3907 0.3937, -0.3551 0.3802 0.3937, -0.344 0.3719 0.3937, -0.3388 0.3696 0.3937, -0.3309 0.3663 0.3937, -0.3174 0.3642 0.3937, -0.3152 0.3642 0.3937, -0.2583 0.4211 0.3937, -0.3015 0.3659 0.3937, -0.2916 0.3696 0.3937, -0.2888 0.3708 0.3937, -0.2774 0.3786 0.3937, -0.2686 0.3885 0.3937, -0.2619 0.4012 0.3937, -0.2619 0.4014 0.3937, -0.2586 0.4152 0.3937, -0.2583 0.4268 0.3937, -0.1786 0.4689 0.3937, -0.1962 0.4991 0.3937, -0.2725 0.4593 0.3937, -0.2825 0.4683 0.3937, -0.2945 0.4748 0.3937, -0.3083 0.4782 0.3937, -0.3152 0.4786 0.3937, -0.3288 0.4769 0.3937, -0.3414 0.4721 0.3937, -0.353 0.4641 0.3937, -0.3624 0.4533 0.3937, -0.3687 0.441 0.3937, -0.3811 0.4487 0.3937, -0.3913 0.4592 0.3937, -0.3981 0.4708 0.3937, -0.4022 0.4847 0.3937, -0.4029 0.4934 0.3937, -0.4015 0.5049 0.3937, -0.4012 0.5072 0.3937, -0.3963 0.5199 0.3937, -0.3904 0.5284 0.3937, -0.3884 0.5312 0.3937, -0.3786 0.54 0.3937, -0.3659 0.5467 0.3937, -0.3518 0.55 0.3937, -0.346 0.5503 0.3937, -0.3327 0.5487 0.3937, -0.3199 0.5441 0.3937, -0.3158 0.5418 0.3937, -0.3071 0.5598 0.3937, -0.2943 0.5751 0.3937, -0.279 0.5862 0.3937, -0.2604 0.5938 0.3937, -0.2395 0.5965 0.3937, -0.2202 0.5941 0.3937, -0.2024 0.5873 0.3937, -0.1864 0.5762 0.3937, -0.1849 0.5748 0.3937, -0.172 0.5595 0.3937, -0.1633 0.5411 0.3937, -0.1605 0.5284 0.3937, -0.1598 0.5253 0.3937, -0.1553 0.5253 0.3937, -0.1444 0.524 0.3937, -0.1345 0.5201 0.3937, -0.1257 0.514 0.3937, -0.1191 0.5066 0.3937, -0.1182 0.5049 0.3937, -0.1138 0.4968 0.3937, -0.1111 0.4859 0.3937, -0.1108 0.4809 0.3937, -0.1122 0.4698 0.3937, -0.1161 0.4597 0.3937, -0.1224 0.4508 0.3937, -0.1232 0.45 0.3937, -0.1316 0.4431 0.3937, -0.1416 0.4384 0.3937, -0.1518 0.4365 0.3937, -0.1775 0.4365 0.3937, -0.1786 0.4366 0.3937, -0.1803 0.437 0.3937, -0.1809 0.4371 0.3937, -0.1853 0.4365 0.3937, -0.1892 0.435 0.3937, -0.1927 0.4325 0.3937, -0.195 0.4299 0.3937, -0.1972 0.426 0.3937, -0.1984 0.4217 0.3937, -0.1985 0.4194 0.3937, -0.198 0.4152 0.3937, -0.1965 0.4113 0.3937, -0.194 0.4077 0.3937, -0.1927 0.4064 0.3937, -0.189 0.4038 0.3937, -0.1852 0.4023 0.3937, -0.182 0.4018 0.3937, -0.1484 0.4018 0.3937, -0.1295 0.4058 0.3937, -0.1121 0.4143 0.3937, -0.0966 0.4274 0.3937, -0.0853 0.4431 0.3937, -0.0782 0.4611 0.3937, -0.3158 0.4428 0.3937, -0.3117 0.4424 0.3937, -0.3063 0.4406 0.3937, -0.3017 0.4377 0.3937, -0.2979 0.4337 0.3937, -0.2953 0.4291 0.3937, -0.2938 0.4239 0.3937, -0.2937 0.4183 0.3937, -0.295 0.4128 0.3937, -0.2976 0.4079 0.3937, -0.3012 0.4038 0.3937, -0.3056 0.4008 0.3937, -0.3106 0.399 0.3937, -0.3158 0.3983 0.3937, -0.3207 0.3989 0.3937, -0.326 0.4009 0.3937, -0.3306 0.404 0.3937, -0.3342 0.4081 0.3937, -0.3366 0.4128 0.3937, -0.3379 0.4181 0.3937, -0.3379 0.423 0.3937, -0.3365 0.4285 0.3937, -0.3339 0.4334 0.3937, -0.3304 0.4372 0.3937, -0.3259 0.4403 0.3937, -0.3209 0.4421 0.3937, -0.3209 0.4421 0.3937
            ]
        }
        coordIndex [
            0,1,2,-1,3,4,5,-1,6,7,8,-1,9,10,11,-1,11,10,12,-1,5,4,13,-1,14,15,16,-1,17,18,10,-1,10,18,19,-1,10,19,12,-1,12,19,20,-1,21,1,22,-1,22,1,23,-1,22,23,24,-1,25,26,27,-1,27,26,28,-1,27,28,29,-1,29,28,30,-1,29,30,31,-1,31,30,32,-1,31,32,33,-1,33,32,2,-1,33,2,34,-1,35,36,2,-1,2,36,37,-1,2,37,0,-1,9,11,16,-1,16,11,38,-1,16,38,14,-1,39,40,25,-1,25,40,41,-1,25,41,26,-1,42,43,44,-1,44,43,45,-1,44,45,46,-1,46,45,47,-1,46,47,48,-1,48,47,49,-1,6,8,50,-1,50,8,51,-1,50,51,52,-1,52,51,53,-1,52,53,54,-1,4,55,13,-1,13,55,56,-1,13,56,57,-1,57,56,58,-1,57,58,6,-1,6,58,59,-1,6,59,7,-1,60,61,62,-1,62,61,63,-1,62,63,64,-1,64,63,65,-1,64,65,66,-1,66,65,67,-1,66,67,68,-1,68,67,69,-1,68,69,70,-1,71,72,73,-1,73,72,74,-1,73,74,75,-1,75,74,76,-1,75,76,77,-1,77,76,78,-1,77,78,79,-1,79,78,80,-1,79,80,35,-1,35,80,81,-1,35,81,36,-1,20,19,25,-1,25,19,82,-1,25,82,39,-1,47,83,49,-1,49,83,84,-1,49,84,85,-1,85,84,86,-1,85,86,87,-1,87,86,88,-1,87,88,89,-1,89,88,90,-1,89,90,91,-1,91,90,92,-1,91,92,93,-1,93,92,94,-1,93,94,60,-1,60,94,95,-1,60,95,61,-1,96,97,98,-1,98,97,99,-1,98,99,44,-1,44,99,100,-1,44,100,42,-1,5,101,3,-1,3,101,102,-1,3,102,103,-1,103,102,104,-1,103,104,105,-1,105,104,106,-1,105,106,71,-1,71,106,107,-1,71,107,72,-1,21,108,1,-1,1,108,109,-1,1,109,2,-1,2,109,110,-1,2,110,34,-1,54,53,111,-1,111,53,112,-1,111,112,113,-1,113,112,114,-1,113,114,115,-1,115,114,116,-1,115,116,117,-1,117,116,118,-1,117,118,96,-1,96,118,119,-1,96,119,97,-1,15,120,16,-1,16,120,121,-1,16,121,122,-1,122,121,123,-1,122,123,124,-1,124,123,125,-1,124,125,126,-1,126,125,127,-1,126,127,128,-1,128,127,129,-1,128,129,130,-1,130,129,131,-1,130,131,132,-1,132,131,133,-1,132,133,134,-1,134,133,24,-1,134,24,135,-1,135,24,23,-1,136,137,138,-1,69,139,70,-1,70,139,136,-1,70,136,140,-1,140,136,138,-1,141,142,136,-1,136,142,143,-1,136,143,137,-1,144,145,146,-1,145,147,146,-1,146,147,148,-1,146,148,149,-1,141,136,146,-1,146,136,150,-1,146,150,144,-1,151,49,152,-1,152,49,85,-1,152,85,153,-1,153,85,87,-1,153,87,154,-1,154,87,89,-1,154,89,155,-1,151,156,49,-1,49,156,157,-1,49,157,48,-1,48,157,158,-1,48,158,46,-1,46,158,159,-1,46,159,44,-1,44,159,160,-1,44,160,98,-1,98,160,161,-1,98,161,96,-1,117,96,162,-1,162,96,161,-1,162,163,117,-1,117,163,164,-1,117,164,115,-1,115,164,165,-1,115,165,113,-1,113,165,166,-1,113,166,111,-1,111,166,167,-1,111,167,54,-1,54,167,52,-1,52,167,168,-1,52,168,169,-1,52,169,170,-1,52,170,50,-1,50,170,171,-1,50,171,6,-1,6,171,172,-1,6,172,57,-1,57,172,173,-1,57,173,13,-1,13,173,174,-1,13,174,5,-1,5,174,175,-1,5,175,101,-1,101,175,176,-1,101,176,102,-1,102,176,177,-1,102,177,104,-1,107,106,178,-1,178,106,104,-1,178,104,177,-1,178,179,107,-1,107,179,180,-1,107,180,72,-1,72,180,181,-1,181,182,72,-1,72,182,183,-1,72,183,74,-1,74,183,184,-1,74,184,76,-1,76,184,185,-1,76,185,78,-1,78,185,186,-1,78,186,80,-1,80,186,187,-1,80,187,81,-1,81,187,188,-1,81,188,36,-1,36,188,189,-1,36,189,37,-1,37,189,190,-1,37,190,0,-1,190,191,0,-1,0,191,192,-1,0,192,1,-1,1,192,193,-1,1,193,23,-1,23,193,194,-1,23,194,135,-1,194,195,135,-1,135,195,196,-1,135,196,134,-1,134,196,197,-1,134,197,132,-1,198,9,16,-1,132,197,199,-1,200,128,199,-1,199,128,130,-1,199,130,132,-1,200,201,128,-1,128,201,202,-1,128,202,126,-1,126,202,203,-1,126,203,124,-1,124,203,204,-1,124,204,122,-1,122,204,205,-1,122,205,16,-1,16,205,206,-1,16,206,198,-1,10,9,207,-1,207,9,198,-1,17,10,208,-1,208,10,207,-1,18,17,209,-1,209,17,208,-1,19,18,210,-1,210,18,209,-1,19,210,211,-1,19,211,82,-1,82,211,212,-1,82,212,39,-1,39,212,213,-1,39,213,40,-1,40,213,214,-1,40,214,41,-1,41,214,215,-1,41,215,26,-1,26,215,216,-1,26,216,28,-1,28,216,217,-1,28,217,30,-1,30,217,218,-1,30,218,32,-1,32,218,219,-1,32,219,2,-1,2,219,220,-1,2,220,35,-1,35,220,221,-1,35,221,79,-1,79,221,222,-1,79,222,77,-1,77,222,223,-1,77,223,75,-1,75,223,224,-1,75,224,73,-1,71,73,224,-1,224,225,71,-1,71,225,226,-1,71,226,227,-1,228,103,227,-1,227,103,105,-1,227,105,71,-1,228,229,103,-1,103,229,230,-1,103,230,3,-1,3,230,231,-1,3,231,4,-1,4,231,232,-1,4,232,55,-1,55,232,233,-1,55,233,56,-1,56,233,234,-1,56,234,58,-1,58,234,235,-1,58,235,59,-1,59,235,236,-1,59,236,7,-1,7,236,237,-1,7,237,8,-1,8,237,238,-1,8,238,51,-1,51,238,239,-1,51,239,53,-1,53,239,240,-1,53,240,112,-1,112,240,241,-1,112,241,114,-1,114,241,242,-1,114,242,116,-1,116,242,243,-1,116,243,118,-1,118,243,244,-1,118,244,119,-1,119,244,245,-1,119,245,97,-1,97,245,246,-1,97,246,99,-1,99,246,247,-1,99,247,100,-1,100,247,42,-1,42,247,248,-1,42,248,249,-1,43,42,250,-1,250,42,249,-1,43,250,251,-1,43,251,45,-1,45,251,252,-1,45,252,47,-1,47,252,253,-1,47,253,83,-1,83,253,254,-1,83,254,84,-1,84,254,255,-1,84,255,86,-1,255,256,86,-1,86,256,257,-1,86,257,88,-1,88,257,258,-1,88,258,90,-1,90,258,259,-1,90,259,92,-1,92,259,260,-1,92,260,94,-1,94,260,261,-1,94,261,95,-1,95,261,262,-1,95,262,61,-1,61,262,263,-1,61,263,63,-1,63,263,264,-1,63,264,65,-1,65,264,265,-1,65,265,67,-1,69,67,266,-1,266,67,265,-1,69,266,267,-1,69,267,139,-1,139,267,268,-1,139,268,136,-1,136,268,269,-1,136,269,150,-1,150,269,270,-1,150,270,144,-1,144,270,271,-1,144,271,145,-1,145,271,272,-1,145,272,147,-1,147,272,273,-1,147,273,148,-1,148,273,274,-1,148,274,149,-1,149,274,275,-1,149,275,146,-1,146,275,276,-1,146,276,141,-1,141,276,277,-1,141,277,142,-1,142,277,278,-1,142,278,143,-1,143,278,279,-1,143,279,137,-1,137,279,280,-1,137,280,138,-1,138,280,281,-1,138,281,140,-1,140,281,282,-1,140,282,70,-1,70,282,283,-1,70,283,68,-1,66,68,284,-1,284,68,283,-1,66,284,285,-1,66,285,64,-1,64,285,286,-1,64,286,62,-1,62,286,287,-1,62,287,60,-1,60,287,288,-1,60,288,93,-1,93,288,289,-1,93,289,91,-1,91,289,155,-1,91,155,89,-1,20,290,291,-1,20,291,12,-1,12,291,292,-1,12,292,11,-1,11,292,293,-1,11,293,38,-1,38,293,294,-1,38,294,14,-1,14,294,295,-1,14,295,15,-1,15,295,296,-1,15,296,120,-1,120,296,297,-1,120,297,121,-1,121,297,298,-1,121,298,123,-1,123,298,299,-1,123,299,125,-1,125,299,300,-1,125,300,127,-1,127,300,301,-1,127,301,129,-1,129,301,302,-1,129,302,131,-1,131,302,303,-1,131,303,133,-1,133,303,304,-1,133,304,24,-1,24,304,305,-1,24,305,22,-1,22,305,306,-1,22,306,21,-1,21,306,307,-1,21,307,108,-1,108,307,308,-1,108,308,109,-1,109,308,309,-1,109,309,110,-1,110,309,310,-1,110,310,34,-1,34,310,311,-1,34,311,33,-1,33,311,312,-1,33,312,31,-1,31,312,313,-1,31,313,29,-1,29,313,314,-1,29,314,27,-1,27,314,315,-1,27,315,25,-1,25,315,290,-1,25,290,20,-1,
        ]
    }
}
Shape{
    appearance Appearance {
        material  Material 	{
            diffuseColor 0.996078431372549 0.8705882352941177 0.7607843137254902
            specularColor 0.4980392156862745 0.43529411764705883 0.3803921568627451
            ambientIntensity 0.2
            transparency 0
            shininess 0.5
        }
    }
    geometry IndexedFaceSet {
        ccw TRUE
        solid FALSE
        coord DEF co Coordinate {
            point [
                -0.3158 0.4428 0.3937, -0.3158 0.3983 0.3937, -0.3117 0.4424 0.3937, -0.3106 0.399 0.3937, -0.3379 0.4181 0.3937, -0.3209 0.4421 0.3937, -0.3259 0.4403 0.3937, -0.3304 0.4372 0.3937, -0.3379 0.423 0.3937, -0.3339 0.4334 0.3937, -0.3365 0.4285 0.3937, -0.3366 0.4128 0.3937, -0.3342 0.4081 0.3937, -0.3306 0.404 0.3937, -0.3012 0.4038 0.3937, -0.2979 0.4337 0.3937, -0.3017 0.4377 0.3937, -0.326 0.4009 0.3937, -0.3207 0.3989 0.3937, -0.3056 0.4008 0.3937, -0.3063 0.4406 0.3937, -0.295 0.4128 0.3937, -0.2937 0.4183 0.3937, -0.2976 0.4079 0.3937, -0.2938 0.4239 0.3937, -0.2953 0.4291 0.3937, -0.6339 0.8169 0.3543, -0.6339 0.8563 0.3543, -0.6732 0.8957 0.3543, -0.3504 0.8169 0.3543, -0.437 0.8169 0.3543, -1.9488 0.7776 0.3543, 1.9488 0.7776 0.3543, 1.9488 0.8957 0.3543, 0.8701 0.8957 0.3543, 0.1535 0.8563 0.3543, 0.1142 0.8957 0.3543, 0.0827 0.8957 0.3543, 0.0433 0.8169 0.3543, -0.0433 0.8169 0.3543, -0.8701 0.8957 0.3543, -1.9488 0.8957 0.3543, -0.8307 0.8563 0.3543, -0.8307 0.8169 0.3543, -0.7441 0.8169 0.3543, 0.7047 0.8957 0.3543, 0.6732 0.8957 0.3543, 0.7441 0.8563 0.3543, 0.6339 0.8563 0.3543, 0.6339 0.8169 0.3543, 0.2402 0.8169 0.3543, 0.1535 0.8169 0.3543, 0.0433 0.8563 0.3543, 0.8307 0.8563 0.3543, 0.8307 0.8169 0.3543, 0.7441 0.8169 0.3543, 0.3504 0.8563 0.3543, 0.311 0.8957 0.3543, 0.2795 0.8957 0.3543, 0.5079 0.8957 0.3543, 0.4764 0.8957 0.3543, 0.5472 0.8563 0.3543, 0.437 0.8563 0.3543, 0.437 0.8169 0.3543, -0.2795 0.8957 0.3543, -0.311 0.8957 0.3543, -0.2402 0.8563 0.3543, -0.3504 0.8563 0.3543, -0.2402 0.8169 0.3543, 0.5472 0.8169 0.3543, -0.0827 0.8957 0.3543, -0.1142 0.8957 0.3543, -0.0433 0.8563 0.3543, -0.1535 0.8563 0.3543, -0.1535 0.8169 0.3543, -0.4764 0.8957 0.3543, -0.5079 0.8957 0.3543, -0.437 0.8563 0.3543, -0.5472 0.8563 0.3543, -0.5472 0.8169 0.3543, -0.7441 0.8563 0.3543, -0.7047 0.8957 0.3543, 0.2402 0.8563 0.3543, 0.3504 0.8169 0.3543, -1.9291 0.7776 0.3937, -1.9488 0.7776 0.374, -0.0428 0.7776 0.3937, 0.0343 0.7776 0.3937, 0.0391 0.7776 0.3937, -1.9462 0.7776 0.3839, -1.9431 0.7776 0.3879, -1.939 0.7776 0.3911, -1.9481 0.7776 0.3791, -1.9342 0.7776 0.393, 1.9462 0.7776 0.3839, 1.9481 0.7776 0.3791, 1.9488 0.7776 0.374, 0.0921 0.7776 0.3937, 0.1069 0.7776 0.3937, 0.1435 0.7776 0.3937, 1.9342 0.7776 0.393, 1.939 0.7776 0.3911, 1.9291 0.7776 0.3937, 1.9431 0.7776 0.3879, 0.1621 0.7776 0.3937, 0.2371 0.7776 0.3937, 0.2624 0.7776 0.3937, 0.3374 0.7776 0.3937, 1.1704 0.7776 0.3937, 1.1704 0.7776 0.3937
            ]
        }
        coordIndex [
            0,1,2,-1,2,1,3,-1,4,0,5,-1,5,6,4,-1,4,6,7,-1,4,7,8,-1,8,7,9,-1,8,9,10,-1,4,11,0,-1,0,11,12,-1,0,12,13,-1,14,15,16,-1,13,17,0,-1,0,17,18,-1,0,18,1,-1,3,19,2,-1,2,19,14,-1,2,14,20,-1,20,14,16,-1,21,22,23,-1,23,22,24,-1,23,24,14,-1,14,24,25,-1,14,25,15,-1,26,27,28,-1,29,30,31,-1,32,33,34,-1,35,36,37,-1,38,39,31,-1,40,41,42,-1,42,41,31,-1,42,31,43,-1,43,31,44,-1,45,46,47,-1,47,46,48,-1,47,48,49,-1,32,50,51,-1,37,52,35,-1,35,52,38,-1,35,38,51,-1,51,38,31,-1,51,31,32,-1,34,53,32,-1,32,53,54,-1,32,54,55,-1,56,57,58,-1,59,60,61,-1,61,60,62,-1,61,62,63,-1,64,65,66,-1,66,65,67,-1,66,67,68,-1,69,32,49,-1,49,32,55,-1,49,55,47,-1,70,71,72,-1,72,71,73,-1,72,73,39,-1,39,73,74,-1,39,74,31,-1,31,74,68,-1,31,68,29,-1,29,68,67,-1,75,76,77,-1,77,76,78,-1,77,78,30,-1,30,78,79,-1,30,79,31,-1,31,79,26,-1,31,26,44,-1,44,26,28,-1,44,28,80,-1,80,28,81,-1,58,82,56,-1,56,82,50,-1,56,50,83,-1,83,50,32,-1,83,32,63,-1,63,32,69,-1,63,69,61,-1,84,31,85,-1,84,86,31,-1,31,86,87,-1,31,87,32,-1,32,87,88,-1,89,90,91,-1,85,92,84,-1,84,92,89,-1,84,89,93,-1,93,89,91,-1,94,95,88,-1,88,95,96,-1,88,96,32,-1,88,97,94,-1,94,97,98,-1,94,98,99,-1,100,101,102,-1,102,101,103,-1,102,103,94,-1,99,104,94,-1,94,104,105,-1,94,105,106,-1,106,107,94,-1,94,107,108,-1,94,108,102,-1,
        ]
    }
}